index,tier,leagueId,queue,name,entries
0,CHALLENGER,946274f2-16b6-376e-8d60-e07ef8f06a7f,RANKED_TFT,Orianna's Dragons,"{'summonerId': 'Wq6S0VXK-5RxqhCIoj43jaY7yap4wlOluyY2OKT35Gzvng', 'summonerName': '관자빵', 'leaguePoints': 1026, 'rank': 'I', 'wins': 202, 'losses': 170, 'veteran': False, 'inactive': False, 'freshBlood': False, 'hotStreak': True}"
1,CHALLENGER,946274f2-16b6-376e-8d60-e07ef8f06a7f,RANKED_TFT,Orianna's Dragons,"{'summonerId': 'kRsaMVAuKMJ98pVtiiHuIliwEpJiGqSDRVhfrS50TdPkwtCXWMRfDQR-dA', 'summonerName': 'Inv Artist', 'leaguePoints': 1338, 'rank': 'I', 'wins': 428, 'losses': 273, 'veteran': True, 'inactive': False, 'freshBlood': False, 'hotStreak': True}"
2,CHALLENGER,946274f2-16b6-376e-8d60-e07ef8f06a7f,RANKED_TFT,Orianna's Dragons,"{'summonerId': 'LZYr5TN16DmatrYfG5nHRx7xjLLD-8dmSTvgdb5Uk-88CcY', 'summonerName': 'fanny1', 'leaguePoints': 1088, 'rank': 'I', 'wins': 377, 'losses': 340, 'veteran': False, 'inactive': False, 'freshBlood': True, 'hotStreak': True}"
3,CHALLENGER,946274f2-16b6-376e-8d60-e07ef8f06a7f,RANKED_TFT,Orianna's Dragons,"{'summonerId': 'EevAodEB1ogihddloTtNQmr237TbPYwIGPedgVJ4qum96XyQWTJw8DBHhw', 'summonerName': '엠 돈', 'leaguePoints': 1055, 'rank': 'I', 'wins': 299, 'losses': 260, 'veteran': False, 'inactive': False, 'freshBlood': False, 'hotStreak': False}"
4,CHALLENGER,946274f2-16b6-376e-8d60-e07ef8f06a7f,RANKED_TFT,Orianna's Dragons,"{'summonerId': 'oarzOITC6LUddm097p5zMhpXFT2zeRSX4ZHJ77mv1zcfor0', 'summonerName': '철회랜드', 'leaguePoints': 1025, 'rank': 'I', 'wins': 196, 'losses': 158, 'veteran': False, 'inactive': False, 'freshBlood': True, 'hotStreak': True}"
5,CHALLENGER,946274f2-16b6-376e-8d60-e07ef8f06a7f,RANKED_TFT,Orianna's Dragons,"{'summonerId': 'wVkJM6MIlpPEVBzIcdK_rQfZH3TOzAXdOO2p4i0ojFEBwX4', 'summonerName': 'My Paradise', 'leaguePoints': 1325, 'rank': 'I', 'wins': 330, 'losses': 194, 'veteran': True, 'inactive': False, 'freshBlood': False, 'hotStreak': False}"
6,CHALLENGER,946274f2-16b6-376e-8d60-e07ef8f06a7f,RANKED_TFT,Orianna's Dragons,"{'summonerId': 'Nd7ODQibq716gsRg-VzRsgvAQO-bVvwp57_7TGX-_Z6-D5M', 'summonerName': '임 세', 'leaguePoints': 1026, 'rank': 'I', 'wins': 405, 'losses': 382, 'veteran': False, 'inactive': False, 'freshBlood': True, 'hotStreak': True}"
7,CHALLENGER,946274f2-16b6-376e-8d60-e07ef8f06a7f,RANKED_TFT,Orianna's Dragons,"{'summonerId': '6zWTgI1BEt9uOStm7ZxzLA1oJ9ZN8ON5t3gjy-UI54tQfQ', 'summonerName': '영도박사', 'leaguePoints': 1017, 'rank': 'I', 'wins': 251, 'losses': 225, 'veteran': False, 'inactive': False, 'freshBlood': True, 'hotStreak': False}"
8,CHALLENGER,946274f2-16b6-376e-8d60-e07ef8f06a7f,RANKED_TFT,Orianna's Dragons,"{'summonerId': '5X3QgzSNQpe0rSN6Ct_0FpZ-DDL9Yyt2_5afheRzbg6fNQ', 'summonerName': '돈더미', 'leaguePoints': 1029, 'rank': 'I', 'wins': 162, 'losses': 132, 'veteran': False, 'inactive': False, 'freshBlood': True, 'hotStreak': True}"
9,CHALLENGER,946274f2-16b6-376e-8d60-e07ef8f06a7f,RANKED_TFT,Orianna's Dragons,"{'summonerId': 'yFt6HYWrPiqVa8sQiiLQFyGSdaf85ED9UENsOPVxY3-EKk5_', 'summonerName': '신수원 임', 'leaguePoints': 1154, 'rank': 'I', 'wins': 134, 'losses': 96, 'veteran': False, 'inactive': False, 'freshBlood': False, 'hotStreak': False}"
10,CHALLENGER,946274f2-16b6-376e-8d60-e07ef8f06a7f,RANKED_TFT,Orianna's Dragons,"{'summonerId': '-UnUkIdmT98IyUCAGvTvmMDSmjMxHkXwxhEUi9wfhVAoGQ', 'summonerName': 'Vietnam Mango', 'leaguePoints': 1101, 'rank': 'I', 'wins': 130, 'losses': 86, 'veteran': True, 'inactive': False, 'freshBlood': False, 'hotStreak': False}"
11,CHALLENGER,946274f2-16b6-376e-8d60-e07ef8f06a7f,RANKED_TFT,Orianna's Dragons,"{'summonerId': 'covRl3ItPfn07ld0FE3y1O5yYK_RpKDMVxbDHAvW6dvamLQ', 'summonerName': '우찬이찬우', 'leaguePoints': 1023, 'rank': 'I', 'wins': 171, 'losses': 132, 'veteran': False, 'inactive': False, 'freshBlood': False, 'hotStreak': False}"
12,CHALLENGER,946274f2-16b6-376e-8d60-e07ef8f06a7f,RANKED_TFT,Orianna's Dragons,"{'summonerId': 'Rbbvg01VIxXTOYN4_XsYg33ZjchG2rGferOlQlbQ108XxnJWPgVcb3Pa8Q', 'summonerName': '새하얀하얀새는오늘도평화롭습니다', 'leaguePoints': 1022, 'rank': 'I', 'wins': 389, 'losses': 301, 'veteran': True, 'inactive': False, 'freshBlood': False, 'hotStreak': False}"
13,CHALLENGER,946274f2-16b6-376e-8d60-e07ef8f06a7f,RANKED_TFT,Orianna's Dragons,"{'summonerId': 'SS1GiOkH4lMelLIXzYN5X0VJGKUU42tmNUSp1q8p3T6QnA', 'summonerName': '술살돈', 'leaguePoints': 1054, 'rank': 'I', 'wins': 198, 'losses': 106, 'veteran': True, 'inactive': False, 'freshBlood': False, 'hotStreak': False}"
14,CHALLENGER,946274f2-16b6-376e-8d60-e07ef8f06a7f,RANKED_TFT,Orianna's Dragons,"{'summonerId': 'BkhHc4p94kL0Hi4xpCaXEtcB1RMpKObtv5so0WaMdl6pHN4', 'summonerName': 'Sweet 3Bee', 'leaguePoints': 1058, 'rank': 'I', 'wins': 575, 'losses': 470, 'veteran': False, 'inactive': False, 'freshBlood': True, 'hotStreak': False}"
15,CHALLENGER,946274f2-16b6-376e-8d60-e07ef8f06a7f,RANKED_TFT,Orianna's Dragons,"{'summonerId': 'xH6asemyWx1LMmHyuc0hzU7KDX0Q6GY9IZC5MsyuvuEKwhQ0M3_FubXzUA', 'summonerName': '원파링', 'leaguePoints': 1352, 'rank': 'I', 'wins': 140, 'losses': 84, 'veteran': True, 'inactive': False, 'freshBlood': False, 'hotStreak': False}"
16,CHALLENGER,946274f2-16b6-376e-8d60-e07ef8f06a7f,RANKED_TFT,Orianna's Dragons,"{'summonerId': 'EvCsbQuwSjQZCbAc9AFTyemHVH3VrkhPWi_iEYhO0cZXppL2SehupXClIw', 'summonerName': 'InV Jiro', 'leaguePoints': 1187, 'rank': 'I', 'wins': 155, 'losses': 109, 'veteran': False, 'inactive': False, 'freshBlood': False, 'hotStreak': True}"
17,CHALLENGER,946274f2-16b6-376e-8d60-e07ef8f06a7f,RANKED_TFT,Orianna's Dragons,"{'summonerId': '8HbnwUziw4zWS5hVJuurorERYNAGpWFlu1k3squFA-7mfGMk24XNokXfAQ', 'summonerName': '환희03', 'leaguePoints': 937, 'rank': 'I', 'wins': 192, 'losses': 160, 'veteran': False, 'inactive': False, 'freshBlood': False, 'hotStreak': False}"
18,CHALLENGER,946274f2-16b6-376e-8d60-e07ef8f06a7f,RANKED_TFT,Orianna's Dragons,"{'summonerId': 'h3NNm6hwU-WZEzEX7AUDS09t3Znga2BicACoy9fSgomcLQ', 'summonerName': 'Lee 종원', 'leaguePoints': 1185, 'rank': 'I', 'wins': 185, 'losses': 130, 'veteran': False, 'inactive': False, 'freshBlood': False, 'hotStreak': True}"
19,CHALLENGER,946274f2-16b6-376e-8d60-e07ef8f06a7f,RANKED_TFT,Orianna's Dragons,"{'summonerId': '-ajSSZqHRF3xdxXPgVseSemDIrVXM3eZHuLlVzpTHS4j8g', 'summonerName': '최killing', 'leaguePoints': 1051, 'rank': 'I', 'wins': 188, 'losses': 149, 'veteran': False, 'inactive': False, 'freshBlood': False, 'hotStreak': False}"
20,CHALLENGER,946274f2-16b6-376e-8d60-e07ef8f06a7f,RANKED_TFT,Orianna's Dragons,"{'summonerId': '0IPZLH-k2T2UXYZc0QLDQPh7XAM297Lhtaale2TnnPQAuYM', 'summonerName': '김도칠', 'leaguePoints': 1375, 'rank': 'I', 'wins': 289, 'losses': 177, 'veteran': True, 'inactive': False, 'freshBlood': False, 'hotStreak': False}"
21,CHALLENGER,946274f2-16b6-376e-8d60-e07ef8f06a7f,RANKED_TFT,Orianna's Dragons,"{'summonerId': 'YNpAl9hcU187Lqd6DiS8JT-dKsgPWyLtOYjA1UnWuOip1Dw', 'summonerName': '버스기사김뚜벅', 'leaguePoints': 1088, 'rank': 'I', 'wins': 267, 'losses': 230, 'veteran': False, 'inactive': False, 'freshBlood': False, 'hotStreak': False}"
22,CHALLENGER,946274f2-16b6-376e-8d60-e07ef8f06a7f,RANKED_TFT,Orianna's Dragons,"{'summonerId': 'WqlEXOu8xpVAEzE8qMYM92nt2DN2YqnoqI1Qa2azlm7gSok', 'summonerName': '이준석과 윤석열', 'leaguePoints': 1203, 'rank': 'I', 'wins': 340, 'losses': 298, 'veteran': True, 'inactive': False, 'freshBlood': False, 'hotStreak': True}"
23,CHALLENGER,946274f2-16b6-376e-8d60-e07ef8f06a7f,RANKED_TFT,Orianna's Dragons,"{'summonerId': 'tWcZBQHgrsbKGODixsnrN19SIKQ9oxSVREgzdV4Ss1F9wjI', 'summonerName': 'gochess', 'leaguePoints': 1125, 'rank': 'I', 'wins': 265, 'losses': 196, 'veteran': False, 'inactive': False, 'freshBlood': False, 'hotStreak': False}"
24,CHALLENGER,946274f2-16b6-376e-8d60-e07ef8f06a7f,RANKED_TFT,Orianna's Dragons,"{'summonerId': 'VH1Vw4vZ3f_aIFG__xDK7X0k0VCKSEMOglv5_dXDupqfrhz0XXjmZlJRxw', 'summonerName': '공략은 달님', 'leaguePoints': 1121, 'rank': 'I', 'wins': 138, 'losses': 80, 'veteran': False, 'inactive': False, 'freshBlood': False, 'hotStreak': True}"
25,CHALLENGER,946274f2-16b6-376e-8d60-e07ef8f06a7f,RANKED_TFT,Orianna's Dragons,"{'summonerId': 'MrQkvy47Hqh3JR8RfuAADiJ0Q0u8zdyhX19iQj5HLkWr528', 'summonerName': '아갓어', 'leaguePoints': 1190, 'rank': 'I', 'wins': 324, 'losses': 266, 'veteran': True, 'inactive': False, 'freshBlood': False, 'hotStreak': True}"
26,CHALLENGER,946274f2-16b6-376e-8d60-e07ef8f06a7f,RANKED_TFT,Orianna's Dragons,"{'summonerId': 'KxrDS3-ARsGLpELhwMNgzH-q_DN2Aalrn2DAPYP0BVZgrRc', 'summonerName': 'TwTF 김준민', 'leaguePoints': 1096, 'rank': 'I', 'wins': 504, 'losses': 327, 'veteran': True, 'inactive': False, 'freshBlood': False, 'hotStreak': False}"
27,CHALLENGER,946274f2-16b6-376e-8d60-e07ef8f06a7f,RANKED_TFT,Orianna's Dragons,"{'summonerId': 'HinDMqnBa8VGwO8aonEId33ImtI0lBqUvEyRv5lR6xOefECYPBbd4e9Y9g', 'summonerName': 'Kanata Ch', 'leaguePoints': 1172, 'rank': 'I', 'wins': 192, 'losses': 104, 'veteran': True, 'inactive': False, 'freshBlood': False, 'hotStreak': False}"
28,CHALLENGER,946274f2-16b6-376e-8d60-e07ef8f06a7f,RANKED_TFT,Orianna's Dragons,"{'summonerId': 'Ow0bKom2JPIP3pQ3Zq41lSe0de8Dkt0-YTTfK6eM-fAbS1GCMIWM1EuttQ', 'summonerName': 'Trick C', 'leaguePoints': 1180, 'rank': 'I', 'wins': 283, 'losses': 230, 'veteran': True, 'inactive': False, 'freshBlood': False, 'hotStreak': False}"
29,CHALLENGER,946274f2-16b6-376e-8d60-e07ef8f06a7f,RANKED_TFT,Orianna's Dragons,"{'summonerId': '1bvplhZsZjbwQclvR3kisT1Ii6FMnVv8Jfeg__zv2sIe0v0', 'summonerName': 'TwTF 근열맨', 'leaguePoints': 1122, 'rank': 'I', 'wins': 276, 'losses': 187, 'veteran': True, 'inactive': False, 'freshBlood': False, 'hotStreak': False}"
30,CHALLENGER,946274f2-16b6-376e-8d60-e07ef8f06a7f,RANKED_TFT,Orianna's Dragons,"{'summonerId': 'O5VBP9SgfJ6IWZoccEHdn1pZykvX6hSFlb_-6EaEFN2_I-M', 'summonerName': '달            꿈', 'leaguePoints': 1060, 'rank': 'I', 'wins': 488, 'losses': 425, 'veteran': False, 'inactive': False, 'freshBlood': True, 'hotStreak': True}"
31,CHALLENGER,946274f2-16b6-376e-8d60-e07ef8f06a7f,RANKED_TFT,Orianna's Dragons,"{'summonerId': 'TYTmZ3c5mAOLmpOEbcSZOoPzE9juGie1PkuO9o0Gkd9oQmdB', 'summonerName': '송제송', 'leaguePoints': 1071, 'rank': 'I', 'wins': 249, 'losses': 196, 'veteran': False, 'inactive': False, 'freshBlood': False, 'hotStreak': False}"
32,CHALLENGER,946274f2-16b6-376e-8d60-e07ef8f06a7f,RANKED_TFT,Orianna's Dragons,"{'summonerId': 'mnSNDaMYV5_jmCm7Yu3gcTfzsVsLzf8FtffiUUd83UIj7vQ', 'summonerName': '단간론파키리기리', 'leaguePoints': 1404, 'rank': 'I', 'wins': 310, 'losses': 187, 'veteran': True, 'inactive': False, 'freshBlood': False, 'hotStreak': False}"
33,CHALLENGER,946274f2-16b6-376e-8d60-e07ef8f06a7f,RANKED_TFT,Orianna's Dragons,"{'summonerId': 'gkTWMOYf21cV6Cfzss3aWwP4-dsi74voiM82RZLQewtnfOk', 'summonerName': 'Casslgod', 'leaguePoints': 1767, 'rank': 'I', 'wins': 177, 'losses': 68, 'veteran': True, 'inactive': False, 'freshBlood': False, 'hotStreak': True}"
34,CHALLENGER,946274f2-16b6-376e-8d60-e07ef8f06a7f,RANKED_TFT,Orianna's Dragons,"{'summonerId': 'XyBQyownU9e21U00xCL_7R_MRM8FjX9nY2z8KyaSbzsbrak', 'summonerName': '이당흥', 'leaguePoints': 1113, 'rank': 'I', 'wins': 259, 'losses': 214, 'veteran': False, 'inactive': False, 'freshBlood': False, 'hotStreak': False}"
35,CHALLENGER,946274f2-16b6-376e-8d60-e07ef8f06a7f,RANKED_TFT,Orianna's Dragons,"{'summonerId': 'gI8bj57ZM8uHAV5_INxmEIrg6PdGA_-9Q8ADFH9l0Q_o-uo', 'summonerName': '바그녕', 'leaguePoints': 1040, 'rank': 'I', 'wins': 96, 'losses': 57, 'veteran': False, 'inactive': False, 'freshBlood': False, 'hotStreak': False}"
36,CHALLENGER,946274f2-16b6-376e-8d60-e07ef8f06a7f,RANKED_TFT,Orianna's Dragons,"{'summonerId': 'PSL8POxKhZ0wZXTE_FeELBTXfa061EH-mybi9uIHOoQ_c7A', 'summonerName': 'golrazo', 'leaguePoints': 1203, 'rank': 'I', 'wins': 269, 'losses': 212, 'veteran': False, 'inactive': False, 'freshBlood': False, 'hotStreak': True}"
37,CHALLENGER,946274f2-16b6-376e-8d60-e07ef8f06a7f,RANKED_TFT,Orianna's Dragons,"{'summonerId': 'JQcdmQLTq64Kcz3lan1KjGco-02_bGUCnE_gWtu-rGdAvnsM', 'summonerName': '배불뚝이 팬더', 'leaguePoints': 1406, 'rank': 'I', 'wins': 260, 'losses': 173, 'veteran': True, 'inactive': False, 'freshBlood': False, 'hotStreak': False}"
38,CHALLENGER,946274f2-16b6-376e-8d60-e07ef8f06a7f,RANKED_TFT,Orianna's Dragons,"{'summonerId': '4sv9pU2Lu0aDlV3oI0bgXyRUemifgr46YVBAGW7xnJTd394', 'summonerName': '마르하바', 'leaguePoints': 1017, 'rank': 'I', 'wins': 116, 'losses': 79, 'veteran': False, 'inactive': False, 'freshBlood': True, 'hotStreak': False}"
39,CHALLENGER,946274f2-16b6-376e-8d60-e07ef8f06a7f,RANKED_TFT,Orianna's Dragons,"{'summonerId': 'xJzfkMDWkVXHGsm8U7_9qpb7YlcalbU4lzhulUGMl_wkRDY', 'summonerName': '이렇게 좋은 날', 'leaguePoints': 1282, 'rank': 'I', 'wins': 358, 'losses': 230, 'veteran': False, 'inactive': False, 'freshBlood': False, 'hotStreak': False}"
40,CHALLENGER,946274f2-16b6-376e-8d60-e07ef8f06a7f,RANKED_TFT,Orianna's Dragons,"{'summonerId': 'EEWYoMCLfqrivXShxBin-WPI5Ct8ycREgeW0wq_vgZFecrw', 'summonerName': '롤좀하는가', 'leaguePoints': 1089, 'rank': 'I', 'wins': 216, 'losses': 169, 'veteran': False, 'inactive': False, 'freshBlood': False, 'hotStreak': False}"
41,CHALLENGER,946274f2-16b6-376e-8d60-e07ef8f06a7f,RANKED_TFT,Orianna's Dragons,"{'summonerId': 'VcFgaIKEjgtvQGEIhCoTlSq-ElcnBaUIgn8tF2AWpFBDVIA', 'summonerName': 'Cassigod ', 'leaguePoints': 1760, 'rank': 'I', 'wins': 183, 'losses': 78, 'veteran': True, 'inactive': False, 'freshBlood': False, 'hotStreak': True}"
42,CHALLENGER,946274f2-16b6-376e-8d60-e07ef8f06a7f,RANKED_TFT,Orianna's Dragons,"{'summonerId': 'TIJABeDQcniNBQ-KZPXmfW0N4FaGB_YiUaGn3TuwHuDCsj5DgPw_Z6BQ6A', 'summonerName': '클레스메이트', 'leaguePoints': 1255, 'rank': 'I', 'wins': 383, 'losses': 285, 'veteran': False, 'inactive': False, 'freshBlood': False, 'hotStreak': False}"
43,CHALLENGER,946274f2-16b6-376e-8d60-e07ef8f06a7f,RANKED_TFT,Orianna's Dragons,"{'summonerId': 'bTFF-QcgMg9eosXimacgpmMGg8eDZGRX2t29zlRjZFQylvs', 'summonerName': 'Hicheuu', 'leaguePoints': 1064, 'rank': 'I', 'wins': 161, 'losses': 69, 'veteran': True, 'inactive': False, 'freshBlood': False, 'hotStreak': False}"
44,CHALLENGER,946274f2-16b6-376e-8d60-e07ef8f06a7f,RANKED_TFT,Orianna's Dragons,"{'summonerId': 'dvmulvcLz4lJ_OHf2bhNKo26b4uNzVI-l2GEBgt6c53KZU4', 'summonerName': 'You Kn0w What', 'leaguePoints': 1150, 'rank': 'I', 'wins': 100, 'losses': 61, 'veteran': False, 'inactive': False, 'freshBlood': False, 'hotStreak': False}"
45,CHALLENGER,946274f2-16b6-376e-8d60-e07ef8f06a7f,RANKED_TFT,Orianna's Dragons,"{'summonerId': '6GMIw3LMYNDH2xnzUVyt9gkZKdohS3zPd-B_HeMuLoIHrPcTNJnkWFbeSA', 'summonerName': '06년생 롤체1짱', 'leaguePoints': 1219, 'rank': 'I', 'wins': 480, 'losses': 370, 'veteran': True, 'inactive': False, 'freshBlood': False, 'hotStreak': False}"
46,CHALLENGER,946274f2-16b6-376e-8d60-e07ef8f06a7f,RANKED_TFT,Orianna's Dragons,"{'summonerId': 'c6uOlUjw4UNEWIOhnkHHnyHpLNbiRf4IACyFmLyAUMQi8aA', 'summonerName': 'My parachute', 'leaguePoints': 813, 'rank': 'I', 'wins': 477, 'losses': 442, 'veteran': False, 'inactive': False, 'freshBlood': True, 'hotStreak': False}"
47,CHALLENGER,946274f2-16b6-376e-8d60-e07ef8f06a7f,RANKED_TFT,Orianna's Dragons,"{'summonerId': 'e7QZYAdpaQc4iHfAhk772nSrfBVWzEwVhSro7x3-lKU7KzU', 'summonerName': 'Setakbinu', 'leaguePoints': 1010, 'rank': 'I', 'wins': 314, 'losses': 289, 'veteran': False, 'inactive': False, 'freshBlood': True, 'hotStreak': False}"
48,CHALLENGER,946274f2-16b6-376e-8d60-e07ef8f06a7f,RANKED_TFT,Orianna's Dragons,"{'summonerId': '78cU212tmc5NGerTeaGYPU9MQJwqYbLF6uRZK18J3riwiZo', 'summonerName': '전때호', 'leaguePoints': 1022, 'rank': 'I', 'wins': 206, 'losses': 180, 'veteran': False, 'inactive': False, 'freshBlood': True, 'hotStreak': True}"
49,CHALLENGER,946274f2-16b6-376e-8d60-e07ef8f06a7f,RANKED_TFT,Orianna's Dragons,"{'summonerId': 'llzafIJQ_vsbOVvpC6L3PN1KarXMdaWxFjBmjVQNVnAwzw', 'summonerName': '검푸른 잎사귀', 'leaguePoints': 1131, 'rank': 'I', 'wins': 185, 'losses': 136, 'veteran': True, 'inactive': False, 'freshBlood': False, 'hotStreak': False}"
50,CHALLENGER,946274f2-16b6-376e-8d60-e07ef8f06a7f,RANKED_TFT,Orianna's Dragons,"{'summonerId': 'xgcKS6Nbm-btqUAHxJ58mm_NkSeOGYdJgznAMBN6-fDcoWs', 'summonerName': '돌던지는노인', 'leaguePoints': 1135, 'rank': 'I', 'wins': 397, 'losses': 365, 'veteran': False, 'inactive': False, 'freshBlood': False, 'hotStreak': False}"
51,CHALLENGER,946274f2-16b6-376e-8d60-e07ef8f06a7f,RANKED_TFT,Orianna's Dragons,"{'summonerId': '5vD1foMQZtgDksmzQMek--w5JfQ9u36SN4S5WwIpYcWWf0TO8S4CfbGcKg', 'summonerName': 'twitch 초신성', 'leaguePoints': 1061, 'rank': 'I', 'wins': 310, 'losses': 250, 'veteran': False, 'inactive': False, 'freshBlood': True, 'hotStreak': True}"
52,CHALLENGER,946274f2-16b6-376e-8d60-e07ef8f06a7f,RANKED_TFT,Orianna's Dragons,"{'summonerId': '5dOrPJgMc32wN88Ww-11PHti1sZxqUiMsghLEbA0CuNeYQ', 'summonerName': '전형수', 'leaguePoints': 1010, 'rank': 'I', 'wins': 77, 'losses': 47, 'veteran': False, 'inactive': False, 'freshBlood': True, 'hotStreak': False}"
53,CHALLENGER,946274f2-16b6-376e-8d60-e07ef8f06a7f,RANKED_TFT,Orianna's Dragons,"{'summonerId': '04xshAnkO7uOBAQsbpdH7095z90ZzhdN3s73y5J3cwiQ0CA', 'summonerName': '실수로리롤두번', 'leaguePoints': 1139, 'rank': 'I', 'wins': 190, 'losses': 153, 'veteran': False, 'inactive': False, 'freshBlood': False, 'hotStreak': False}"
54,CHALLENGER,946274f2-16b6-376e-8d60-e07ef8f06a7f,RANKED_TFT,Orianna's Dragons,"{'summonerId': 'lXAbhz9wxQDn7mWHV1neMAbUEi-_HvsVWsNIDf-21mKVQEA', 'summonerName': '올해농사대박', 'leaguePoints': 996, 'rank': 'I', 'wins': 210, 'losses': 176, 'veteran': False, 'inactive': False, 'freshBlood': False, 'hotStreak': False}"
55,CHALLENGER,946274f2-16b6-376e-8d60-e07ef8f06a7f,RANKED_TFT,Orianna's Dragons,"{'summonerId': 'PmbIOflJgZ_lsFPqLsrwprR_OaDzX-D_UOWYvwJDEzu3FEbEQPSPvsXINw', 'summonerName': '록 달', 'leaguePoints': 1062, 'rank': 'I', 'wins': 280, 'losses': 232, 'veteran': False, 'inactive': False, 'freshBlood': False, 'hotStreak': True}"
56,CHALLENGER,946274f2-16b6-376e-8d60-e07ef8f06a7f,RANKED_TFT,Orianna's Dragons,"{'summonerId': 'xGJEKnWmcWe7X_IrDIrgIHnXWmNw0Z0KIRnRWH-Ofsjr3Kz_0dUIiUY8pg', 'summonerName': '스미노프', 'leaguePoints': 1210, 'rank': 'I', 'wins': 112, 'losses': 64, 'veteran': False, 'inactive': False, 'freshBlood': False, 'hotStreak': False}"
57,CHALLENGER,946274f2-16b6-376e-8d60-e07ef8f06a7f,RANKED_TFT,Orianna's Dragons,"{'summonerId': '4keeQFqunHAB0Tu33wArc2j9zlXtNaIRQbzM9FH8P20YMNM', 'summonerName': '숲들숲들', 'leaguePoints': 1082, 'rank': 'I', 'wins': 98, 'losses': 78, 'veteran': False, 'inactive': False, 'freshBlood': False, 'hotStreak': False}"
58,CHALLENGER,946274f2-16b6-376e-8d60-e07ef8f06a7f,RANKED_TFT,Orianna's Dragons,"{'summonerId': '-ijdjQ3vd1zWP2ZMhfVl3T6CWlB6LRUJeeLdoy66jjprYg', 'summonerName': '계속 박어 난 ', 'leaguePoints': 1005, 'rank': 'I', 'wins': 193, 'losses': 142, 'veteran': False, 'inactive': False, 'freshBlood': True, 'hotStreak': True}"
59,CHALLENGER,946274f2-16b6-376e-8d60-e07ef8f06a7f,RANKED_TFT,Orianna's Dragons,"{'summonerId': '5iSxX2OYVBRm-cvXE11Hqw5gHSlKMNS4hRTa28FEqKb3-i4', 'summonerName': '극악무도B', 'leaguePoints': 1133, 'rank': 'I', 'wins': 187, 'losses': 139, 'veteran': True, 'inactive': False, 'freshBlood': False, 'hotStreak': False}"
60,CHALLENGER,946274f2-16b6-376e-8d60-e07ef8f06a7f,RANKED_TFT,Orianna's Dragons,"{'summonerId': 'CzEu4uMGthXM0fddjtDj3ObxDEZyMWgrfJbFn8yAEyyAoA', 'summonerName': '서든어택', 'leaguePoints': 1014, 'rank': 'I', 'wins': 251, 'losses': 199, 'veteran': False, 'inactive': False, 'freshBlood': True, 'hotStreak': False}"
61,CHALLENGER,946274f2-16b6-376e-8d60-e07ef8f06a7f,RANKED_TFT,Orianna's Dragons,"{'summonerId': 'IpMCs7oG2dvG_Mm6IfhNPar2KepQPaFHrh90TELSB43d_3w', 'summonerName': '쁘띠가로로', 'leaguePoints': 1100, 'rank': 'I', 'wins': 137, 'losses': 92, 'veteran': False, 'inactive': False, 'freshBlood': True, 'hotStreak': True}"
62,CHALLENGER,946274f2-16b6-376e-8d60-e07ef8f06a7f,RANKED_TFT,Orianna's Dragons,"{'summonerId': 'bTV0mxQsXkXLs2_GSAQT0BP3XsIuPY1hagjpJNvqgzbxaHA', 'summonerName': '럼블로마스터직행', 'leaguePoints': 1148, 'rank': 'I', 'wins': 297, 'losses': 239, 'veteran': False, 'inactive': False, 'freshBlood': False, 'hotStreak': False}"
63,CHALLENGER,946274f2-16b6-376e-8d60-e07ef8f06a7f,RANKED_TFT,Orianna's Dragons,"{'summonerId': '-kKxFwsIAZwQJ1xaodM1O4pbOupLMDyg-2gI13IoAKzE5A', 'summonerName': '경진이', 'leaguePoints': 1123, 'rank': 'I', 'wins': 182, 'losses': 155, 'veteran': False, 'inactive': False, 'freshBlood': False, 'hotStreak': True}"
64,CHALLENGER,946274f2-16b6-376e-8d60-e07ef8f06a7f,RANKED_TFT,Orianna's Dragons,"{'summonerId': 'F_ESNCCLybmHuSmUaS21R02awC0Y_-FkoOu0ICC7FTlOkz4', 'summonerName': '밀짚모자 쌍옆', 'leaguePoints': 1164, 'rank': 'I', 'wins': 325, 'losses': 194, 'veteran': True, 'inactive': False, 'freshBlood': False, 'hotStreak': False}"
65,CHALLENGER,946274f2-16b6-376e-8d60-e07ef8f06a7f,RANKED_TFT,Orianna's Dragons,"{'summonerId': 'cW1EZ4wsqnCiGHrl-F8xMaiqWx5RukaD6tt5NwppOuoAww', 'summonerName': '여리뤼', 'leaguePoints': 1005, 'rank': 'I', 'wins': 547, 'losses': 331, 'veteran': True, 'inactive': False, 'freshBlood': False, 'hotStreak': False}"
66,CHALLENGER,946274f2-16b6-376e-8d60-e07ef8f06a7f,RANKED_TFT,Orianna's Dragons,"{'summonerId': 'ASFExRRZfL9rnXk__t4DChiLDgVueoBGLEgvFLPnQyy1gg', 'summonerName': '강지비91', 'leaguePoints': 986, 'rank': 'I', 'wins': 166, 'losses': 135, 'veteran': False, 'inactive': False, 'freshBlood': True, 'hotStreak': False}"
67,CHALLENGER,946274f2-16b6-376e-8d60-e07ef8f06a7f,RANKED_TFT,Orianna's Dragons,"{'summonerId': 'NdR_p1POrgKZ4rNZ5t8Gopp3onEs1UDVSG6jZ6oYfuUNbZAn', 'summonerName': 'yolo1992', 'leaguePoints': 990, 'rank': 'I', 'wins': 101, 'losses': 72, 'veteran': False, 'inactive': False, 'freshBlood': True, 'hotStreak': False}"
68,CHALLENGER,946274f2-16b6-376e-8d60-e07ef8f06a7f,RANKED_TFT,Orianna's Dragons,"{'summonerId': 'SsdeKUiHBwxUgZr0-KvDEiX4orqQf245Q3MAR4t-6k8Fbg', 'summonerName': '임찌녕', 'leaguePoints': 1195, 'rank': 'I', 'wins': 159, 'losses': 129, 'veteran': False, 'inactive': False, 'freshBlood': False, 'hotStreak': False}"
69,CHALLENGER,946274f2-16b6-376e-8d60-e07ef8f06a7f,RANKED_TFT,Orianna's Dragons,"{'summonerId': 'NLoS57AYafmdtzJmyE7oDSqDyHPQTUXgIqdMUOrpWD-0FVc', 'summonerName': 'anartica', 'leaguePoints': 1034, 'rank': 'I', 'wins': 199, 'losses': 177, 'veteran': False, 'inactive': False, 'freshBlood': False, 'hotStreak': False}"
70,CHALLENGER,946274f2-16b6-376e-8d60-e07ef8f06a7f,RANKED_TFT,Orianna's Dragons,"{'summonerId': '7i07Z8akgEEKYYq8U2fDZC7pQbHp4nd3gs-fiFyKqkOnr-I', 'summonerName': '차두라리스크', 'leaguePoints': 918, 'rank': 'I', 'wins': 331, 'losses': 305, 'veteran': False, 'inactive': False, 'freshBlood': True, 'hotStreak': False}"
71,CHALLENGER,946274f2-16b6-376e-8d60-e07ef8f06a7f,RANKED_TFT,Orianna's Dragons,"{'summonerId': '2T1gS-AQIqQkonxnserrM03aBsnDvftsrTxGn78sMU8Z-3U', 'summonerName': '엄준표', 'leaguePoints': 1108, 'rank': 'I', 'wins': 317, 'losses': 274, 'veteran': False, 'inactive': False, 'freshBlood': True, 'hotStreak': True}"
72,CHALLENGER,946274f2-16b6-376e-8d60-e07ef8f06a7f,RANKED_TFT,Orianna's Dragons,"{'summonerId': 'V7SQ-oBghBn_AP1lscuwMsTZ0c5QoKwRWuWPPombi-c2xkMZTZRtKc3BQw', 'summonerName': '마파보고떨굼', 'leaguePoints': 1059, 'rank': 'I', 'wins': 208, 'losses': 154, 'veteran': True, 'inactive': False, 'freshBlood': False, 'hotStreak': False}"
73,CHALLENGER,946274f2-16b6-376e-8d60-e07ef8f06a7f,RANKED_TFT,Orianna's Dragons,"{'summonerId': 'MzyV26LuqqMmyZHMi1q2aqu4HFhjGFJT8dfagq96leZHOUi0HScIyzGviw', 'summonerName': '아서1', 'leaguePoints': 1123, 'rank': 'I', 'wins': 130, 'losses': 105, 'veteran': False, 'inactive': False, 'freshBlood': True, 'hotStreak': True}"
74,CHALLENGER,946274f2-16b6-376e-8d60-e07ef8f06a7f,RANKED_TFT,Orianna's Dragons,"{'summonerId': 'pAWojVILm_OY9VRXExAnkNEOOyog8iD_3SHPzz8klXI9cxg', 'summonerName': '회 계 학', 'leaguePoints': 1055, 'rank': 'I', 'wins': 100, 'losses': 67, 'veteran': False, 'inactive': False, 'freshBlood': False, 'hotStreak': False}"
75,CHALLENGER,946274f2-16b6-376e-8d60-e07ef8f06a7f,RANKED_TFT,Orianna's Dragons,"{'summonerId': 'HBpDyjGayTBkMxp8ZBmxWQNbzeeq_r1fM1jWf-uyF9KGz5HnMzrAlMCneQ', 'summonerName': '대성초', 'leaguePoints': 1211, 'rank': 'I', 'wins': 286, 'losses': 202, 'veteran': True, 'inactive': False, 'freshBlood': False, 'hotStreak': True}"
76,CHALLENGER,946274f2-16b6-376e-8d60-e07ef8f06a7f,RANKED_TFT,Orianna's Dragons,"{'summonerId': 'iFnuWgfra3nCtSFm5PY-DIiP0FTnucppl7rCQhwycBhx5Q', 'summonerName': 'NIAGA', 'leaguePoints': 1045, 'rank': 'I', 'wins': 193, 'losses': 141, 'veteran': False, 'inactive': False, 'freshBlood': True, 'hotStreak': True}"
77,CHALLENGER,946274f2-16b6-376e-8d60-e07ef8f06a7f,RANKED_TFT,Orianna's Dragons,"{'summonerId': 'HI_Hl6yOcSNICWPf_CrahhImg7hi25RV6Y9BzT-F3yeU3w', 'summonerName': 'DWG 분위기메이커', 'leaguePoints': 1086, 'rank': 'I', 'wins': 279, 'losses': 248, 'veteran': False, 'inactive': False, 'freshBlood': False, 'hotStreak': False}"
78,CHALLENGER,946274f2-16b6-376e-8d60-e07ef8f06a7f,RANKED_TFT,Orianna's Dragons,"{'summonerId': 'i7NLc_L_jlm7aUbwwfHXm1c0U6viujjKxWnvM1tfobjhtw', 'summonerName': '담 체', 'leaguePoints': 1101, 'rank': 'I', 'wins': 236, 'losses': 206, 'veteran': False, 'inactive': False, 'freshBlood': False, 'hotStreak': False}"
79,CHALLENGER,946274f2-16b6-376e-8d60-e07ef8f06a7f,RANKED_TFT,Orianna's Dragons,"{'summonerId': 'AR1in2ZDwn73NvEWfGcy_H9Nli4uKmUPgLjbrWnXM36GC7ZgQCZ19NvLEQ', 'summonerName': '경기도올', 'leaguePoints': 1196, 'rank': 'I', 'wins': 252, 'losses': 160, 'veteran': True, 'inactive': False, 'freshBlood': False, 'hotStreak': False}"
80,CHALLENGER,946274f2-16b6-376e-8d60-e07ef8f06a7f,RANKED_TFT,Orianna's Dragons,"{'summonerId': 'Uh8YwEqGKGvSE5cKZV8wlLs-jZcfCfX_kSkL7wvetH1Inw', 'summonerName': 'WinMo', 'leaguePoints': 1049, 'rank': 'I', 'wins': 177, 'losses': 151, 'veteran': False, 'inactive': False, 'freshBlood': False, 'hotStreak': True}"
81,CHALLENGER,946274f2-16b6-376e-8d60-e07ef8f06a7f,RANKED_TFT,Orianna's Dragons,"{'summonerId': '3jHX4ZZGHGJQ6_o3O2OzJxEruuYxmnnTKo1okaxcA5h5w0A', 'summonerName': '퀸카 은지', 'leaguePoints': 1444, 'rank': 'I', 'wins': 105, 'losses': 45, 'veteran': False, 'inactive': False, 'freshBlood': False, 'hotStreak': True}"
82,CHALLENGER,946274f2-16b6-376e-8d60-e07ef8f06a7f,RANKED_TFT,Orianna's Dragons,"{'summonerId': '9rN6uBwmXqut81zIuwvVpLaWLM7dP1fKkpoOFSk0o9jeksY', 'summonerName': '똔똔이남친', 'leaguePoints': 1017, 'rank': 'I', 'wins': 108, 'losses': 60, 'veteran': False, 'inactive': False, 'freshBlood': True, 'hotStreak': True}"
83,CHALLENGER,946274f2-16b6-376e-8d60-e07ef8f06a7f,RANKED_TFT,Orianna's Dragons,"{'summonerId': '2qWbeR1ljqy9Dnntb3W4yoYsDKiew5JfKxUWBqYvJ5u0Sw', 'summonerName': '핑삥이', 'leaguePoints': 1014, 'rank': 'I', 'wins': 196, 'losses': 186, 'veteran': False, 'inactive': False, 'freshBlood': True, 'hotStreak': False}"
84,CHALLENGER,946274f2-16b6-376e-8d60-e07ef8f06a7f,RANKED_TFT,Orianna's Dragons,"{'summonerId': 'f6b0TD0WdDi8THPz6mnb00WJyjept1Ksqo040HntgioctjLiMLPo0H-Ubg', 'summonerName': 'Thai Mango', 'leaguePoints': 1159, 'rank': 'I', 'wins': 130, 'losses': 98, 'veteran': False, 'inactive': False, 'freshBlood': False, 'hotStreak': True}"
85,CHALLENGER,946274f2-16b6-376e-8d60-e07ef8f06a7f,RANKED_TFT,Orianna's Dragons,"{'summonerId': '2A2o-DlGs9SVPqRd7XLXeOzFK71Lv6lJuzb_OfEQYUVs5mEeFxh60X-n-Q', 'summonerName': 'God Gyeom', 'leaguePoints': 1171, 'rank': 'I', 'wins': 164, 'losses': 126, 'veteran': False, 'inactive': False, 'freshBlood': False, 'hotStreak': False}"
86,CHALLENGER,946274f2-16b6-376e-8d60-e07ef8f06a7f,RANKED_TFT,Orianna's Dragons,"{'summonerId': '4dm8Y-jY-agaeIihQHPZNZiaKfkSEVQrUua5GikgpWb2mdE', 'summonerName': 'InV Arthur', 'leaguePoints': 1193, 'rank': 'I', 'wins': 150, 'losses': 113, 'veteran': True, 'inactive': False, 'freshBlood': False, 'hotStreak': False}"
87,CHALLENGER,946274f2-16b6-376e-8d60-e07ef8f06a7f,RANKED_TFT,Orianna's Dragons,"{'summonerId': '_gNa2N2qCqbg8Drtotj6kcAk0_KNh2vsFoHYXUn5ygwbiHOng1xHjVRy9Q', 'summonerName': 'Winter lemon', 'leaguePoints': 1136, 'rank': 'I', 'wins': 125, 'losses': 59, 'veteran': False, 'inactive': False, 'freshBlood': False, 'hotStreak': False}"
88,CHALLENGER,946274f2-16b6-376e-8d60-e07ef8f06a7f,RANKED_TFT,Orianna's Dragons,"{'summonerId': 't-lFZMCqLH3YWKcYCzE0rRWSZVCA8B8XDoj2PB0v9dPaNQ', 'summonerName': '띵 땡', 'leaguePoints': 1095, 'rank': 'I', 'wins': 320, 'losses': 294, 'veteran': False, 'inactive': False, 'freshBlood': True, 'hotStreak': False}"
89,CHALLENGER,946274f2-16b6-376e-8d60-e07ef8f06a7f,RANKED_TFT,Orianna's Dragons,"{'summonerId': 'qhYRAc0csLqE5XAWn4DFuGE4Y9WmNct4Lcvg4J3Eq3DheUv3wqww0LANcw', 'summonerName': '쵸리네', 'leaguePoints': 1564, 'rank': 'I', 'wins': 361, 'losses': 224, 'veteran': True, 'inactive': False, 'freshBlood': False, 'hotStreak': True}"
90,CHALLENGER,946274f2-16b6-376e-8d60-e07ef8f06a7f,RANKED_TFT,Orianna's Dragons,"{'summonerId': 'dl5kpg4Vy-V4B0ka9k9ZoYl5fiJ6C-M8pQGRimHKVftVQA0', 'summonerName': '1976056575', 'leaguePoints': 1076, 'rank': 'I', 'wins': 289, 'losses': 252, 'veteran': False, 'inactive': False, 'freshBlood': True, 'hotStreak': False}"
91,CHALLENGER,946274f2-16b6-376e-8d60-e07ef8f06a7f,RANKED_TFT,Orianna's Dragons,"{'summonerId': '-yCeZrLlm6P15yfC0UqJg73tGa7U1Ccd8P_oE2obO5btbg', 'summonerName': '홀애비', 'leaguePoints': 1008, 'rank': 'I', 'wins': 207, 'losses': 164, 'veteran': False, 'inactive': False, 'freshBlood': False, 'hotStreak': True}"
92,CHALLENGER,946274f2-16b6-376e-8d60-e07ef8f06a7f,RANKED_TFT,Orianna's Dragons,"{'summonerId': 'jNJjE_PVfASn2JHpz1cOHXHyBS8dXTinZp8QiAul1AH6TA', 'summonerName': '영윈한 살랑꼬리', 'leaguePoints': 1024, 'rank': 'I', 'wins': 275, 'losses': 256, 'veteran': False, 'inactive': False, 'freshBlood': True, 'hotStreak': True}"
93,CHALLENGER,946274f2-16b6-376e-8d60-e07ef8f06a7f,RANKED_TFT,Orianna's Dragons,"{'summonerId': '2pD2gP6IQct1T6iFjtaSIHRQ9byuaYnw5H_TknJnatS9bdKgGWBno5Jx5w', 'summonerName': '김밥처럼 넌 만두처럼 달콤해', 'leaguePoints': 1255, 'rank': 'I', 'wins': 120, 'losses': 78, 'veteran': False, 'inactive': False, 'freshBlood': False, 'hotStreak': True}"
94,CHALLENGER,946274f2-16b6-376e-8d60-e07ef8f06a7f,RANKED_TFT,Orianna's Dragons,"{'summonerId': 'AHqT6ZC169MGsYZZr2FlRswTTvmRCvw6gCtblQGaPnaEGA', 'summonerName': '허민욱 전용 백정', 'leaguePoints': 1256, 'rank': 'I', 'wins': 105, 'losses': 71, 'veteran': False, 'inactive': False, 'freshBlood': False, 'hotStreak': False}"
95,CHALLENGER,946274f2-16b6-376e-8d60-e07ef8f06a7f,RANKED_TFT,Orianna's Dragons,"{'summonerId': 'Mk-hxsLKZGj51CBI7IEz2oJhvNIzqyM_Kfk2X_iK6VNoXc8', 'summonerName': '음악교육학과', 'leaguePoints': 1275, 'rank': 'I', 'wins': 124, 'losses': 75, 'veteran': True, 'inactive': False, 'freshBlood': False, 'hotStreak': True}"
96,CHALLENGER,946274f2-16b6-376e-8d60-e07ef8f06a7f,RANKED_TFT,Orianna's Dragons,"{'summonerId': 'YGRt8TtEhjH-vu18wn2gMFb9F2kvbZ159k6zpMisy6my9cg', 'summonerName': '청 산 강', 'leaguePoints': 1089, 'rank': 'I', 'wins': 163, 'losses': 120, 'veteran': False, 'inactive': False, 'freshBlood': False, 'hotStreak': False}"
97,CHALLENGER,946274f2-16b6-376e-8d60-e07ef8f06a7f,RANKED_TFT,Orianna's Dragons,"{'summonerId': 'nbmXU9t9sHZJVdf4N_MUtprEC10pydhltCC_eIm3UMMuk6w', 'summonerName': '랑수민', 'leaguePoints': 1121, 'rank': 'I', 'wins': 256, 'losses': 171, 'veteran': True, 'inactive': False, 'freshBlood': False, 'hotStreak': False}"
98,CHALLENGER,946274f2-16b6-376e-8d60-e07ef8f06a7f,RANKED_TFT,Orianna's Dragons,"{'summonerId': 'SOBw1576zjDxdNDKYedzN99GHN69xwtP1JBwBqHpHfpWJcLRzOaog3b_Iw', 'summonerName': '미꼴플', 'leaguePoints': 1091, 'rank': 'I', 'wins': 536, 'losses': 445, 'veteran': False, 'inactive': False, 'freshBlood': True, 'hotStreak': False}"
99,CHALLENGER,946274f2-16b6-376e-8d60-e07ef8f06a7f,RANKED_TFT,Orianna's Dragons,"{'summonerId': 'el54uRoJTRtlzgVUkaphDC08ga2wsIQ3SG5meWC1jPb5WQ', 'summonerName': '리용우', 'leaguePoints': 1071, 'rank': 'I', 'wins': 100, 'losses': 55, 'veteran': False, 'inactive': False, 'freshBlood': True, 'hotStreak': False}"
100,CHALLENGER,946274f2-16b6-376e-8d60-e07ef8f06a7f,RANKED_TFT,Orianna's Dragons,"{'summonerId': 'wQqQg3zm9hsmqkFRRPtTr_0Sk30sR0gr-Iwii3E_s-E8qH4', 'summonerName': 'Japan Mango', 'leaguePoints': 1113, 'rank': 'I', 'wins': 155, 'losses': 125, 'veteran': False, 'inactive': False, 'freshBlood': False, 'hotStreak': False}"
101,CHALLENGER,946274f2-16b6-376e-8d60-e07ef8f06a7f,RANKED_TFT,Orianna's Dragons,"{'summonerId': '7U4V6XpRCqjqDLka7sljaGMuDRdrwg_axTHYqWFaIakCxi5h4GIH7u-4ig', 'summonerName': '경상의학 배한울', 'leaguePoints': 1161, 'rank': 'I', 'wins': 111, 'losses': 34, 'veteran': False, 'inactive': False, 'freshBlood': False, 'hotStreak': False}"
102,CHALLENGER,946274f2-16b6-376e-8d60-e07ef8f06a7f,RANKED_TFT,Orianna's Dragons,"{'summonerId': 'fsO5Pjhp4Yy6OoNUsvJ6icYIr26nilSSD1llAW5NwGr6mHE', 'summonerName': '카와카미 마이', 'leaguePoints': 1002, 'rank': 'I', 'wins': 144, 'losses': 106, 'veteran': False, 'inactive': False, 'freshBlood': True, 'hotStreak': True}"
103,CHALLENGER,946274f2-16b6-376e-8d60-e07ef8f06a7f,RANKED_TFT,Orianna's Dragons,"{'summonerId': '8bfMxPtVVKVzeBxjr0I1Bswn6J9Hyepbn7pOmi6F5shvoQ', 'summonerName': '내 빵', 'leaguePoints': 1007, 'rank': 'I', 'wins': 75, 'losses': 41, 'veteran': False, 'inactive': False, 'freshBlood': False, 'hotStreak': False}"
104,CHALLENGER,946274f2-16b6-376e-8d60-e07ef8f06a7f,RANKED_TFT,Orianna's Dragons,"{'summonerId': '7yblCyqVZJDRT5dV28uoPNoUdrpYL1OwWroD43_A5gi9Pw', 'summonerName': '즐겜하는 노마딕', 'leaguePoints': 1025, 'rank': 'I', 'wins': 217, 'losses': 188, 'veteran': False, 'inactive': False, 'freshBlood': True, 'hotStreak': False}"
105,CHALLENGER,946274f2-16b6-376e-8d60-e07ef8f06a7f,RANKED_TFT,Orianna's Dragons,"{'summonerId': 'ANP59u4N38eTgOY70u76mdLieKyE1hzcGgUsKtNju4DZyYs', 'summonerName': '남부지소', 'leaguePoints': 1098, 'rank': 'I', 'wins': 225, 'losses': 176, 'veteran': True, 'inactive': False, 'freshBlood': False, 'hotStreak': False}"
106,CHALLENGER,946274f2-16b6-376e-8d60-e07ef8f06a7f,RANKED_TFT,Orianna's Dragons,"{'summonerId': 'ODe0AWIV1OGTz9V6ALvDygYtW144YoJT7Z9G_JUcyjKeDw', 'summonerName': '쉐르비', 'leaguePoints': 1057, 'rank': 'I', 'wins': 466, 'losses': 415, 'veteran': False, 'inactive': False, 'freshBlood': True, 'hotStreak': True}"
107,CHALLENGER,946274f2-16b6-376e-8d60-e07ef8f06a7f,RANKED_TFT,Orianna's Dragons,"{'summonerId': 'bF1PKB1m_Po3U_t8TuYjMGA4V7gaOoWehCiRoGw_SAK0IQ', 'summonerName': 'Ignited', 'leaguePoints': 1319, 'rank': 'I', 'wins': 162, 'losses': 115, 'veteran': True, 'inactive': False, 'freshBlood': False, 'hotStreak': True}"
108,CHALLENGER,946274f2-16b6-376e-8d60-e07ef8f06a7f,RANKED_TFT,Orianna's Dragons,"{'summonerId': 'keHRrKkAvksFNaG95DCkMCImSzI1QzdXEoqotQHjs0wkOTozl1WDKVWlIQ', 'summonerName': '깔끔하고', 'leaguePoints': 1041, 'rank': 'I', 'wins': 71, 'losses': 31, 'veteran': False, 'inactive': False, 'freshBlood': True, 'hotStreak': False}"
109,CHALLENGER,946274f2-16b6-376e-8d60-e07ef8f06a7f,RANKED_TFT,Orianna's Dragons,"{'summonerId': 'smqeGTqsARi4ZJQq3PXx2w9ARBmTMSNqQ-puKo4DOj-_9XWa-eewpQFcHQ', 'summonerName': '큐잡는데18분', 'leaguePoints': 1421, 'rank': 'I', 'wins': 209, 'losses': 115, 'veteran': True, 'inactive': False, 'freshBlood': False, 'hotStreak': False}"
110,CHALLENGER,946274f2-16b6-376e-8d60-e07ef8f06a7f,RANKED_TFT,Orianna's Dragons,"{'summonerId': 'm3onI0DCpDAtL08n1rxSUX12Ejck9zQlw3_yReWHn7EW7aM', 'summonerName': 'Panac2a', 'leaguePoints': 1014, 'rank': 'I', 'wins': 131, 'losses': 113, 'veteran': False, 'inactive': False, 'freshBlood': False, 'hotStreak': True}"
111,CHALLENGER,946274f2-16b6-376e-8d60-e07ef8f06a7f,RANKED_TFT,Orianna's Dragons,"{'summonerId': 'T6eWgNGbAiV2bmTKEH3NJoyMCpv4rZsy6BFTLH4GbKpupg', 'summonerName': 'Shutt up Malfoy', 'leaguePoints': 1010, 'rank': 'I', 'wins': 168, 'losses': 132, 'veteran': True, 'inactive': False, 'freshBlood': False, 'hotStreak': False}"
112,CHALLENGER,946274f2-16b6-376e-8d60-e07ef8f06a7f,RANKED_TFT,Orianna's Dragons,"{'summonerId': 'RYHJ5V0OZKIDsaBFznQljZzQc7p2fcvshZ4YfgG6NJ3b4g', 'summonerName': '빡쭈나', 'leaguePoints': 1047, 'rank': 'I', 'wins': 488, 'losses': 438, 'veteran': False, 'inactive': False, 'freshBlood': True, 'hotStreak': True}"
113,CHALLENGER,946274f2-16b6-376e-8d60-e07ef8f06a7f,RANKED_TFT,Orianna's Dragons,"{'summonerId': 'W6jyfPP4KwK8XxbytgFL6qovE4XO0a1_HQ9k4MA7V4Tddt8', 'summonerName': '서울대치과과', 'leaguePoints': 1044, 'rank': 'I', 'wins': 290, 'losses': 287, 'veteran': False, 'inactive': False, 'freshBlood': True, 'hotStreak': True}"
114,CHALLENGER,946274f2-16b6-376e-8d60-e07ef8f06a7f,RANKED_TFT,Orianna's Dragons,"{'summonerId': 'gLExGP7NjpjE3UKZ7AavJa3t6U4hPYtpnuf1U7_vm4Zq7mzYuS_JyTwxRA', 'summonerName': 'TFT 노을', 'leaguePoints': 1112, 'rank': 'I', 'wins': 377, 'losses': 329, 'veteran': False, 'inactive': False, 'freshBlood': True, 'hotStreak': True}"
115,CHALLENGER,946274f2-16b6-376e-8d60-e07ef8f06a7f,RANKED_TFT,Orianna's Dragons,"{'summonerId': '4KJ7IZmcSpUAgjvZRN23yKkG2pYLPqclZsQQ6ENKuD2GyA', 'summonerName': 'Pnaz', 'leaguePoints': 1126, 'rank': 'I', 'wins': 84, 'losses': 55, 'veteran': False, 'inactive': False, 'freshBlood': False, 'hotStreak': True}"
116,CHALLENGER,946274f2-16b6-376e-8d60-e07ef8f06a7f,RANKED_TFT,Orianna's Dragons,"{'summonerId': 'O-QTnYLGhb-3GwhIdWfrm01C6P_SL0eH-O6iXNkB3_JMj0M', 'summonerName': '영오쿤', 'leaguePoints': 1104, 'rank': 'I', 'wins': 230, 'losses': 197, 'veteran': False, 'inactive': False, 'freshBlood': False, 'hotStreak': False}"
117,CHALLENGER,946274f2-16b6-376e-8d60-e07ef8f06a7f,RANKED_TFT,Orianna's Dragons,"{'summonerId': '2Q2ZV-whnD9tUJeY_MGPJ9dhZ2uYHPhvYApfciFkOvnJ3ELHZdt-PsOD8w', 'summonerName': 'ReroII King', 'leaguePoints': 1212, 'rank': 'I', 'wins': 269, 'losses': 213, 'veteran': True, 'inactive': False, 'freshBlood': False, 'hotStreak': False}"
118,CHALLENGER,946274f2-16b6-376e-8d60-e07ef8f06a7f,RANKED_TFT,Orianna's Dragons,"{'summonerId': '8hoefvdKC5FNI5iRz612jfbCC5zVZ0WFVaoHcEdOllo-mQ', 'summonerName': '연세대학교', 'leaguePoints': 1114, 'rank': 'I', 'wins': 492, 'losses': 418, 'veteran': False, 'inactive': False, 'freshBlood': True, 'hotStreak': False}"
119,CHALLENGER,946274f2-16b6-376e-8d60-e07ef8f06a7f,RANKED_TFT,Orianna's Dragons,"{'summonerId': 'auNmm7PC5hVICd3nKhTYtSqEzHIdAYL3J-C_MTMrsva1TtQaDB217hp7kw', 'summonerName': '김차보 ', 'leaguePoints': 1256, 'rank': 'I', 'wins': 231, 'losses': 175, 'veteran': False, 'inactive': False, 'freshBlood': False, 'hotStreak': False}"
120,CHALLENGER,946274f2-16b6-376e-8d60-e07ef8f06a7f,RANKED_TFT,Orianna's Dragons,"{'summonerId': '4c5R72NqdL0hwlak8R5ghQqHKSfyAUTBvRV5bZzCsA8qWpU', 'summonerName': '개못하니깐', 'leaguePoints': 1136, 'rank': 'I', 'wins': 150, 'losses': 114, 'veteran': False, 'inactive': False, 'freshBlood': False, 'hotStreak': True}"
121,CHALLENGER,946274f2-16b6-376e-8d60-e07ef8f06a7f,RANKED_TFT,Orianna's Dragons,"{'summonerId': 'AKr24mQJuUw0Np7ZYkVmS76SMJDdJuIMyasNM2LsbW7VSJzJW7cHGj-i5Q', 'summonerName': '고양이쓰다듬을래', 'leaguePoints': 1018, 'rank': 'I', 'wins': 227, 'losses': 168, 'veteran': False, 'inactive': False, 'freshBlood': True, 'hotStreak': True}"
122,CHALLENGER,946274f2-16b6-376e-8d60-e07ef8f06a7f,RANKED_TFT,Orianna's Dragons,"{'summonerId': 'f0xuO90UdDAix7FGW7JYvnpnXxDieFZyFRrTDvhL8jbsVG9JHeL-t-07gQ', 'summonerName': '학시경', 'leaguePoints': 1294, 'rank': 'I', 'wins': 180, 'losses': 132, 'veteran': True, 'inactive': False, 'freshBlood': False, 'hotStreak': True}"
123,CHALLENGER,946274f2-16b6-376e-8d60-e07ef8f06a7f,RANKED_TFT,Orianna's Dragons,"{'summonerId': 'e-EPEO3g7T2pr1C4TeRhaC4zSw0YT2E56EvIRoRF9wiQuwY', 'summonerName': 'NIKE TAILWIND', 'leaguePoints': 1038, 'rank': 'I', 'wins': 198, 'losses': 166, 'veteran': False, 'inactive': False, 'freshBlood': True, 'hotStreak': True}"
124,CHALLENGER,946274f2-16b6-376e-8d60-e07ef8f06a7f,RANKED_TFT,Orianna's Dragons,"{'summonerId': 'aN5xND-cSpkneTocdIAEuRt7hb3sCXZg2WkdZzhNb4s7Og', 'summonerName': 'Acaron', 'leaguePoints': 1038, 'rank': 'I', 'wins': 102, 'losses': 63, 'veteran': False, 'inactive': False, 'freshBlood': True, 'hotStreak': True}"
125,CHALLENGER,946274f2-16b6-376e-8d60-e07ef8f06a7f,RANKED_TFT,Orianna's Dragons,"{'summonerId': 'LHV_PQNmmElsJTXst0-MQBeVOxE9EK5nxci3JO1D4IizIxc', 'summonerName': '쁘보배', 'leaguePoints': 1097, 'rank': 'I', 'wins': 336, 'losses': 249, 'veteran': True, 'inactive': False, 'freshBlood': False, 'hotStreak': False}"
126,CHALLENGER,946274f2-16b6-376e-8d60-e07ef8f06a7f,RANKED_TFT,Orianna's Dragons,"{'summonerId': 'SkUTGb4C3UwPDMg9dkgcd9okm6KEeA7iNBji32UUDeYM8Q', 'summonerName': 'proooa', 'leaguePoints': 1056, 'rank': 'I', 'wins': 247, 'losses': 197, 'veteran': False, 'inactive': False, 'freshBlood': True, 'hotStreak': False}"
127,CHALLENGER,946274f2-16b6-376e-8d60-e07ef8f06a7f,RANKED_TFT,Orianna's Dragons,"{'summonerId': '6ZyxoTAVjqIqoZ-0DTnzU5H0AkgUksO_8fBIW5J5gNuwPQ4', 'summonerName': '김승유승김', 'leaguePoints': 1044, 'rank': 'I', 'wins': 79, 'losses': 58, 'veteran': False, 'inactive': False, 'freshBlood': True, 'hotStreak': False}"
128,CHALLENGER,946274f2-16b6-376e-8d60-e07ef8f06a7f,RANKED_TFT,Orianna's Dragons,"{'summonerId': 'z5u3Fvb1GNmqhVh9xS2LukWFdIwB7gGszwZ7MmM5Et9VdUk', 'summonerName': '표 면', 'leaguePoints': 1105, 'rank': 'I', 'wins': 422, 'losses': 314, 'veteran': False, 'inactive': False, 'freshBlood': True, 'hotStreak': True}"
129,CHALLENGER,946274f2-16b6-376e-8d60-e07ef8f06a7f,RANKED_TFT,Orianna's Dragons,"{'summonerId': 'ocxqkQj6s8Chp4BHDoQ2CsDfyAgd0WqxtK69Cl4cYrIscvM', 'summonerName': '용원부계', 'leaguePoints': 1087, 'rank': 'I', 'wins': 160, 'losses': 127, 'veteran': False, 'inactive': False, 'freshBlood': False, 'hotStreak': False}"
130,CHALLENGER,946274f2-16b6-376e-8d60-e07ef8f06a7f,RANKED_TFT,Orianna's Dragons,"{'summonerId': '8jj0d5fUU5Cxr4SlMZAHM_quOumxyAVfs2ObTk0kMX40VCBT4otcAv8Bmg', 'summonerName': '학식고래', 'leaguePoints': 1007, 'rank': 'I', 'wins': 191, 'losses': 154, 'veteran': False, 'inactive': False, 'freshBlood': True, 'hotStreak': False}"
131,CHALLENGER,946274f2-16b6-376e-8d60-e07ef8f06a7f,RANKED_TFT,Orianna's Dragons,"{'summonerId': 'Ti8AvoESRVLdbb1WpR4Gzt49mZgjKw_gwW41Hi2tojImrQ', 'summonerName': 'No Flash', 'leaguePoints': 1005, 'rank': 'I', 'wins': 125, 'losses': 78, 'veteran': False, 'inactive': False, 'freshBlood': False, 'hotStreak': False}"
132,CHALLENGER,946274f2-16b6-376e-8d60-e07ef8f06a7f,RANKED_TFT,Orianna's Dragons,"{'summonerId': 'Whnd8HEkXVSwiIP4v9AOlnjq13_T56JUezRjlnW0u9IldJo', 'summonerName': '괴생명체 봉달이', 'leaguePoints': 1180, 'rank': 'I', 'wins': 182, 'losses': 148, 'veteran': False, 'inactive': False, 'freshBlood': False, 'hotStreak': True}"
133,CHALLENGER,946274f2-16b6-376e-8d60-e07ef8f06a7f,RANKED_TFT,Orianna's Dragons,"{'summonerId': 'w48f-84hGVEc6jNVyLt5HNLizjzeZghwIe06lAHCisia_A', 'summonerName': '지하닝', 'leaguePoints': 939, 'rank': 'I', 'wins': 352, 'losses': 257, 'veteran': True, 'inactive': False, 'freshBlood': False, 'hotStreak': False}"
134,CHALLENGER,946274f2-16b6-376e-8d60-e07ef8f06a7f,RANKED_TFT,Orianna's Dragons,"{'summonerId': 'H6BNW78CFGrFNHLSZVpzQg9FTrZ56P4y4YcplkbjUPpNVxcx-oyz3muNDQ', 'summonerName': 'isaac11', 'leaguePoints': 1107, 'rank': 'I', 'wins': 281, 'losses': 273, 'veteran': False, 'inactive': False, 'freshBlood': True, 'hotStreak': False}"
135,CHALLENGER,946274f2-16b6-376e-8d60-e07ef8f06a7f,RANKED_TFT,Orianna's Dragons,"{'summonerId': 'kTDmpqn4GvZ1R2-jh0W4NwSMnW8uN9L06lY7_6mt_t_w2HY', 'summonerName': '머리박기좋은날1', 'leaguePoints': 1010, 'rank': 'I', 'wins': 123, 'losses': 85, 'veteran': False, 'inactive': False, 'freshBlood': True, 'hotStreak': False}"
136,CHALLENGER,946274f2-16b6-376e-8d60-e07ef8f06a7f,RANKED_TFT,Orianna's Dragons,"{'summonerId': 'lxbkoSLcwWASvjNYOhqIPnsctASu_MdErVn4T82lmYgS5A', 'summonerName': '피부미인드록바', 'leaguePoints': 1033, 'rank': 'I', 'wins': 178, 'losses': 141, 'veteran': False, 'inactive': False, 'freshBlood': True, 'hotStreak': False}"
137,CHALLENGER,946274f2-16b6-376e-8d60-e07ef8f06a7f,RANKED_TFT,Orianna's Dragons,"{'summonerId': '95-yt_zuEq3YJjVTzbCCy0bJfnnLFF1iFaTBSPs3MACyzgU', 'summonerName': '슈퍼분날펭수', 'leaguePoints': 1187, 'rank': 'I', 'wins': 236, 'losses': 156, 'veteran': True, 'inactive': False, 'freshBlood': False, 'hotStreak': False}"
138,CHALLENGER,946274f2-16b6-376e-8d60-e07ef8f06a7f,RANKED_TFT,Orianna's Dragons,"{'summonerId': 'bhFy0LGWv1lqrxEH-FRJGLbUEbCEFYTFk-0MifAa6YIXIg', 'summonerName': '녕준이', 'leaguePoints': 1158, 'rank': 'I', 'wins': 142, 'losses': 108, 'veteran': False, 'inactive': False, 'freshBlood': False, 'hotStreak': False}"
139,CHALLENGER,946274f2-16b6-376e-8d60-e07ef8f06a7f,RANKED_TFT,Orianna's Dragons,"{'summonerId': 'fCqRourmPkWxsqlh7eIZ-yYzC_-N_2IryHQPaaruWs60biil26U_5x7h1A', 'summonerName': '나비로', 'leaguePoints': 1245, 'rank': 'I', 'wins': 168, 'losses': 113, 'veteran': True, 'inactive': False, 'freshBlood': False, 'hotStreak': False}"
140,CHALLENGER,946274f2-16b6-376e-8d60-e07ef8f06a7f,RANKED_TFT,Orianna's Dragons,"{'summonerId': 'EqmUTe4J1M23cmBbQ9OHeOUIf_0mFZfj13L-iycehGgiUro', 'summonerName': '보토르', 'leaguePoints': 1445, 'rank': 'I', 'wins': 197, 'losses': 121, 'veteran': True, 'inactive': False, 'freshBlood': False, 'hotStreak': False}"
141,CHALLENGER,946274f2-16b6-376e-8d60-e07ef8f06a7f,RANKED_TFT,Orianna's Dragons,"{'summonerId': 'COrBm0PwDMHyKCigABMLHWl58L2oA0ALuZ9ZHERsfcRr9w', 'summonerName': 'FW Maple', 'leaguePoints': 1086, 'rank': 'I', 'wins': 94, 'losses': 54, 'veteran': False, 'inactive': False, 'freshBlood': False, 'hotStreak': False}"
142,CHALLENGER,946274f2-16b6-376e-8d60-e07ef8f06a7f,RANKED_TFT,Orianna's Dragons,"{'summonerId': 'iaAU43uQFJDi4gNmOK9-_VY4VxaDHIu0VV9OQ288Z6Fjdg', 'summonerName': 'Vincom', 'leaguePoints': 1183, 'rank': 'I', 'wins': 280, 'losses': 238, 'veteran': False, 'inactive': False, 'freshBlood': False, 'hotStreak': True}"
143,CHALLENGER,946274f2-16b6-376e-8d60-e07ef8f06a7f,RANKED_TFT,Orianna's Dragons,"{'summonerId': 'c2NLgWbDUZ2jz3NltlWuiS_Fkk-ZcC1oAY4_xxb-tSSm7BJYN1hiqt22BQ', 'summonerName': 'SlHYUN', 'leaguePoints': 1211, 'rank': 'I', 'wins': 161, 'losses': 114, 'veteran': False, 'inactive': False, 'freshBlood': False, 'hotStreak': False}"
144,CHALLENGER,946274f2-16b6-376e-8d60-e07ef8f06a7f,RANKED_TFT,Orianna's Dragons,"{'summonerId': 'JUSHYB5j5BvPOVHzxQ4iVS9_6UWt0J6FIk1Wg5uwjTc9Kw2CWzPeMfoJOw', 'summonerName': '정말 아쉬워요', 'leaguePoints': 1075, 'rank': 'I', 'wins': 188, 'losses': 134, 'veteran': False, 'inactive': False, 'freshBlood': False, 'hotStreak': False}"
145,CHALLENGER,946274f2-16b6-376e-8d60-e07ef8f06a7f,RANKED_TFT,Orianna's Dragons,"{'summonerId': 'pjAAWKJ1_169owyaZ_Du0WWqE5GNtkFtimZ6psLuDIYu2oc', 'summonerName': '사스케', 'leaguePoints': 1043, 'rank': 'I', 'wins': 470, 'losses': 445, 'veteran': False, 'inactive': False, 'freshBlood': True, 'hotStreak': True}"
146,CHALLENGER,946274f2-16b6-376e-8d60-e07ef8f06a7f,RANKED_TFT,Orianna's Dragons,"{'summonerId': '3-_hsY_CZizEV7GbV2PjPOpEkw408jbIHsjSPxAl6OJgCM0', 'summonerName': 'LIAR TROLLER', 'leaguePoints': 1054, 'rank': 'I', 'wins': 215, 'losses': 159, 'veteran': False, 'inactive': False, 'freshBlood': False, 'hotStreak': False}"
147,CHALLENGER,946274f2-16b6-376e-8d60-e07ef8f06a7f,RANKED_TFT,Orianna's Dragons,"{'summonerId': 'lN_M2WJUG2dNuBPW9tDWoLPQz3jUBtFeRkGk-P8ZgNjYsmJ2C9ChYeK25A', 'summonerName': '고고개미', 'leaguePoints': 1282, 'rank': 'I', 'wins': 397, 'losses': 314, 'veteran': True, 'inactive': False, 'freshBlood': False, 'hotStreak': False}"
148,CHALLENGER,946274f2-16b6-376e-8d60-e07ef8f06a7f,RANKED_TFT,Orianna's Dragons,"{'summonerId': '7YhDfAD1Shy47-jm881KSexq6Epx-YVFBsSQ0QC5H3grHgk', 'summonerName': '오늘은 이걸로 해', 'leaguePoints': 1058, 'rank': 'I', 'wins': 180, 'losses': 141, 'veteran': False, 'inactive': False, 'freshBlood': False, 'hotStreak': False}"
149,CHALLENGER,946274f2-16b6-376e-8d60-e07ef8f06a7f,RANKED_TFT,Orianna's Dragons,"{'summonerId': '0DO6xJlwwNgWdaQ68BaAddXxPLR2BO9qIythgUDCvQXxYqE', 'summonerName': '오박사TV', 'leaguePoints': 1046, 'rank': 'I', 'wins': 422, 'losses': 290, 'veteran': True, 'inactive': False, 'freshBlood': False, 'hotStreak': False}"
150,CHALLENGER,946274f2-16b6-376e-8d60-e07ef8f06a7f,RANKED_TFT,Orianna's Dragons,"{'summonerId': '-FRuOhXVF1GIdyObJBQH7d_LFzmVXutHNHBquM4lVc5_X_o', 'summonerName': '나는 렁준', 'leaguePoints': 1145, 'rank': 'I', 'wins': 153, 'losses': 119, 'veteran': False, 'inactive': False, 'freshBlood': False, 'hotStreak': True}"
151,CHALLENGER,946274f2-16b6-376e-8d60-e07ef8f06a7f,RANKED_TFT,Orianna's Dragons,"{'summonerId': 'vnPgfzNegIr5658sQJAtx1Re151Rj99gLXMKxrZl859Sa4I', 'summonerName': '상처투성 거북이', 'leaguePoints': 1228, 'rank': 'I', 'wins': 154, 'losses': 95, 'veteran': True, 'inactive': False, 'freshBlood': False, 'hotStreak': True}"
152,CHALLENGER,946274f2-16b6-376e-8d60-e07ef8f06a7f,RANKED_TFT,Orianna's Dragons,"{'summonerId': 'w8GCDsIiY_s4lD3G7ZhDmh2Q4xSXJfg7jZCmk-8yTuCPA2U', 'summonerName': '깔라깔라깔라만시', 'leaguePoints': 1018, 'rank': 'I', 'wins': 321, 'losses': 271, 'veteran': False, 'inactive': False, 'freshBlood': True, 'hotStreak': False}"
153,CHALLENGER,946274f2-16b6-376e-8d60-e07ef8f06a7f,RANKED_TFT,Orianna's Dragons,"{'summonerId': '01EDoapEdahSnb3LRVAOvWsAAZtxIi3lT-NfYZ307eWGuDyNRcIi69Tbeg', 'summonerName': 'uuooy', 'leaguePoints': 1672, 'rank': 'I', 'wins': 201, 'losses': 89, 'veteran': True, 'inactive': False, 'freshBlood': False, 'hotStreak': False}"
154,CHALLENGER,946274f2-16b6-376e-8d60-e07ef8f06a7f,RANKED_TFT,Orianna's Dragons,"{'summonerId': 'Q2t4K1Z_G_ONzqu9zUzpRw9ki6NsKIM2sAuavcBJths-Fnj9YS8-ltq1Uw', 'summonerName': '99cm강화몽둥이', 'leaguePoints': 1036, 'rank': 'I', 'wins': 97, 'losses': 66, 'veteran': False, 'inactive': False, 'freshBlood': False, 'hotStreak': False}"
155,CHALLENGER,946274f2-16b6-376e-8d60-e07ef8f06a7f,RANKED_TFT,Orianna's Dragons,"{'summonerId': 'RGlWirQVoPeW1rdgR7F2Y0T5L8__y_IlVLE_qfTVo5vEvQ', 'summonerName': 'Twitch 작은거인', 'leaguePoints': 996, 'rank': 'I', 'wins': 482, 'losses': 365, 'veteran': True, 'inactive': False, 'freshBlood': False, 'hotStreak': False}"
156,CHALLENGER,946274f2-16b6-376e-8d60-e07ef8f06a7f,RANKED_TFT,Orianna's Dragons,"{'summonerId': 't-m3epSHzfgx3l4HrBMJrudBzrXXRqEp9tn6NfsEHAeYQkNUA6KNVqZq5w', 'summonerName': '롤체 조타', 'leaguePoints': 1007, 'rank': 'I', 'wins': 209, 'losses': 152, 'veteran': False, 'inactive': False, 'freshBlood': True, 'hotStreak': True}"
157,CHALLENGER,946274f2-16b6-376e-8d60-e07ef8f06a7f,RANKED_TFT,Orianna's Dragons,"{'summonerId': 'ikhetpLjTeue8uKnPlswGlm09knrmlrJCu0YCxDWcAGLs3DHc38HBkK83g', 'summonerName': '080602', 'leaguePoints': 1200, 'rank': 'I', 'wins': 146, 'losses': 90, 'veteran': True, 'inactive': False, 'freshBlood': False, 'hotStreak': False}"
158,CHALLENGER,946274f2-16b6-376e-8d60-e07ef8f06a7f,RANKED_TFT,Orianna's Dragons,"{'summonerId': 'iQUTLxqwpD5_WxfoTMrnEopk18kTAWQIS4Zgnk_6GcGjSQ', 'summonerName': '은 텨', 'leaguePoints': 1031, 'rank': 'I', 'wins': 482, 'losses': 444, 'veteran': False, 'inactive': False, 'freshBlood': True, 'hotStreak': True}"
159,CHALLENGER,946274f2-16b6-376e-8d60-e07ef8f06a7f,RANKED_TFT,Orianna's Dragons,"{'summonerId': '56hxicPy4YfpnUoTl1OWwYndwde-sEPNYpjZ96NJ3cCd6g9jJ2IvkyvhOQ', 'summonerName': '갓유비', 'leaguePoints': 1056, 'rank': 'I', 'wins': 118, 'losses': 88, 'veteran': False, 'inactive': False, 'freshBlood': False, 'hotStreak': True}"
160,CHALLENGER,946274f2-16b6-376e-8d60-e07ef8f06a7f,RANKED_TFT,Orianna's Dragons,"{'summonerId': 'ul2NaIGZN7DL7fXlX_B45Ds7_7gsWzh2IwdQM4TFim50dj0', 'summonerName': '백정1위', 'leaguePoints': 1023, 'rank': 'I', 'wins': 113, 'losses': 79, 'veteran': False, 'inactive': False, 'freshBlood': True, 'hotStreak': True}"
161,CHALLENGER,946274f2-16b6-376e-8d60-e07ef8f06a7f,RANKED_TFT,Orianna's Dragons,"{'summonerId': 'Vl9nNxwZ27GgjhQz0ZAXEiL3CQ3lc0LL_Dmm6-xnhcIUrOk', 'summonerName': '미 친 놈 z', 'leaguePoints': 1100, 'rank': 'I', 'wins': 277, 'losses': 246, 'veteran': False, 'inactive': False, 'freshBlood': True, 'hotStreak': False}"
162,CHALLENGER,946274f2-16b6-376e-8d60-e07ef8f06a7f,RANKED_TFT,Orianna's Dragons,"{'summonerId': 'mjAi_E-rZ2p5KL1SyQg04tcJaQv3FQNyjL0C_xMxVBv_M5Y', 'summonerName': '발 명', 'leaguePoints': 1144, 'rank': 'I', 'wins': 473, 'losses': 383, 'veteran': False, 'inactive': False, 'freshBlood': False, 'hotStreak': True}"
163,CHALLENGER,946274f2-16b6-376e-8d60-e07ef8f06a7f,RANKED_TFT,Orianna's Dragons,"{'summonerId': 'Zmr3oNCOUCw-ee5g7sgOWCv-UsxsLmjtbG108kWNIwVaHn4', 'summonerName': 'Isigami', 'leaguePoints': 1009, 'rank': 'I', 'wins': 121, 'losses': 94, 'veteran': False, 'inactive': False, 'freshBlood': True, 'hotStreak': False}"
164,CHALLENGER,946274f2-16b6-376e-8d60-e07ef8f06a7f,RANKED_TFT,Orianna's Dragons,"{'summonerId': 'c_gVid53kMoxwThub9aaVu82iQuhNAsEZJCYFi1acClgLMnnrFDbAlTPwQ', 'summonerName': '그 뤠 잇 문', 'leaguePoints': 1076, 'rank': 'I', 'wins': 99, 'losses': 63, 'veteran': False, 'inactive': False, 'freshBlood': False, 'hotStreak': False}"
165,CHALLENGER,946274f2-16b6-376e-8d60-e07ef8f06a7f,RANKED_TFT,Orianna's Dragons,"{'summonerId': 'FIWtglghhjsixU4KlYKbl9Cyf1Oq4ozKhW0tUNaE43gHdg', 'summonerName': '전략은 마진주', 'leaguePoints': 1089, 'rank': 'I', 'wins': 468, 'losses': 470, 'veteran': False, 'inactive': False, 'freshBlood': True, 'hotStreak': True}"
166,CHALLENGER,946274f2-16b6-376e-8d60-e07ef8f06a7f,RANKED_TFT,Orianna's Dragons,"{'summonerId': 'rhvzyihTLvB92PMIH4GWs4Yv3Od71SxLCn9s8VAs_C4dHbo', 'summonerName': '응애 나 애기보리', 'leaguePoints': 1124, 'rank': 'I', 'wins': 185, 'losses': 134, 'veteran': True, 'inactive': False, 'freshBlood': False, 'hotStreak': False}"
167,CHALLENGER,946274f2-16b6-376e-8d60-e07ef8f06a7f,RANKED_TFT,Orianna's Dragons,"{'summonerId': 'ijAXbbY_tkIYsNHzONq-SneKZKeMHW6wzDGcyPC5DLsKyWWF', 'summonerName': 'Jin Jin', 'leaguePoints': 1337, 'rank': 'I', 'wins': 217, 'losses': 142, 'veteran': True, 'inactive': False, 'freshBlood': False, 'hotStreak': False}"
168,CHALLENGER,946274f2-16b6-376e-8d60-e07ef8f06a7f,RANKED_TFT,Orianna's Dragons,"{'summonerId': 'qcQOVUPUPOwV7ehxfXX_laa74NbNnhxIuHEZelmYkiT-QXtll9KbJIQvQg', 'summonerName': 'tft xyz', 'leaguePoints': 1113, 'rank': 'I', 'wins': 177, 'losses': 128, 'veteran': False, 'inactive': False, 'freshBlood': True, 'hotStreak': True}"
169,CHALLENGER,946274f2-16b6-376e-8d60-e07ef8f06a7f,RANKED_TFT,Orianna's Dragons,"{'summonerId': 'mtghUhwnOy0CEOLd5kWRKb57aozN2vRXJG505sx04smIJXE', 'summonerName': 'luxfan', 'leaguePoints': 1011, 'rank': 'I', 'wins': 202, 'losses': 180, 'veteran': False, 'inactive': False, 'freshBlood': False, 'hotStreak': False}"
170,CHALLENGER,946274f2-16b6-376e-8d60-e07ef8f06a7f,RANKED_TFT,Orianna's Dragons,"{'summonerId': 'YaeLbk7rie_IUZ-qaE2ojjERKl-4dVZUZA7w6IJER56txA', 'summonerName': '깨 우', 'leaguePoints': 1135, 'rank': 'I', 'wins': 225, 'losses': 203, 'veteran': False, 'inactive': False, 'freshBlood': False, 'hotStreak': False}"
171,CHALLENGER,946274f2-16b6-376e-8d60-e07ef8f06a7f,RANKED_TFT,Orianna's Dragons,"{'summonerId': 'BuE1XlpU31U-SN1RsDDXPnIlcGibjCrEjdupujqr2p8yF-Q', 'summonerName': 'InV Rea', 'leaguePoints': 1223, 'rank': 'I', 'wins': 197, 'losses': 112, 'veteran': True, 'inactive': False, 'freshBlood': False, 'hotStreak': False}"
172,CHALLENGER,946274f2-16b6-376e-8d60-e07ef8f06a7f,RANKED_TFT,Orianna's Dragons,"{'summonerId': 'j0CkLx0_W63ZlVQxkCpMsXkpxxu1BHE6AbjteM7GxPyGWxI3', 'summonerName': '뿔보 김뚜헝', 'leaguePoints': 1475, 'rank': 'I', 'wins': 614, 'losses': 321, 'veteran': True, 'inactive': False, 'freshBlood': False, 'hotStreak': False}"
173,CHALLENGER,946274f2-16b6-376e-8d60-e07ef8f06a7f,RANKED_TFT,Orianna's Dragons,"{'summonerId': 'r5DDXLVKAhky0M-i8NmbfOU_auLLwf3wwXmMeh39X8C8Pw', 'summonerName': 'Teukhan', 'leaguePoints': 1059, 'rank': 'I', 'wins': 395, 'losses': 382, 'veteran': False, 'inactive': False, 'freshBlood': True, 'hotStreak': True}"
174,CHALLENGER,946274f2-16b6-376e-8d60-e07ef8f06a7f,RANKED_TFT,Orianna's Dragons,"{'summonerId': 'UHWIcuxRkFja6cV5LWqAK3x_FajBqzatJchhtjENXK8Uk-8', 'summonerName': 'Acro 정재경', 'leaguePoints': 1178, 'rank': 'I', 'wins': 144, 'losses': 111, 'veteran': True, 'inactive': False, 'freshBlood': False, 'hotStreak': False}"
175,CHALLENGER,946274f2-16b6-376e-8d60-e07ef8f06a7f,RANKED_TFT,Orianna's Dragons,"{'summonerId': 'goe0j8G02-cvvoiQFcKj5W_pPIBIS4d3NKNRpiApAjREVRo', 'summonerName': '장봄준 fan', 'leaguePoints': 1186, 'rank': 'I', 'wins': 201, 'losses': 171, 'veteran': False, 'inactive': False, 'freshBlood': False, 'hotStreak': True}"
176,CHALLENGER,946274f2-16b6-376e-8d60-e07ef8f06a7f,RANKED_TFT,Orianna's Dragons,"{'summonerId': 'id6yDBFlY57-NMzS2-8W0nb0t9sbXLSDi_kBZpkmadyW-FX0', 'summonerName': 'IllIllIIlIIIlllI', 'leaguePoints': 1116, 'rank': 'I', 'wins': 339, 'losses': 308, 'veteran': False, 'inactive': False, 'freshBlood': True, 'hotStreak': True}"
177,CHALLENGER,946274f2-16b6-376e-8d60-e07ef8f06a7f,RANKED_TFT,Orianna's Dragons,"{'summonerId': 'sR8nf2yiolyLZiigpD7baeinR7aA9SwN52hbYnSxH_MS5by6ZQMoDZMgDg', 'summonerName': '황소 부대 아펠리오스', 'leaguePoints': 1442, 'rank': 'I', 'wins': 165, 'losses': 83, 'veteran': True, 'inactive': False, 'freshBlood': False, 'hotStreak': False}"
178,CHALLENGER,946274f2-16b6-376e-8d60-e07ef8f06a7f,RANKED_TFT,Orianna's Dragons,"{'summonerId': 'Xp5ekOkMu7b1Hwc8Y7t_5f5L89lRNVdnOEDIAXyVOlftFQ', 'summonerName': 'c 쿵', 'leaguePoints': 1101, 'rank': 'I', 'wins': 198, 'losses': 163, 'veteran': False, 'inactive': False, 'freshBlood': False, 'hotStreak': False}"
179,CHALLENGER,946274f2-16b6-376e-8d60-e07ef8f06a7f,RANKED_TFT,Orianna's Dragons,"{'summonerId': 'ZUfYsDGoO5RnUzYnDdEGOBz4z-rujtxF6uYE-WCaqzBFTR0', 'summonerName': '머리박기좋은날', 'leaguePoints': 1415, 'rank': 'I', 'wins': 296, 'losses': 201, 'veteran': True, 'inactive': False, 'freshBlood': False, 'hotStreak': False}"
180,CHALLENGER,946274f2-16b6-376e-8d60-e07ef8f06a7f,RANKED_TFT,Orianna's Dragons,"{'summonerId': 'MEY8oimMbECy7lW6EejoIrjTzZI8Pt4K_FdjO_NY2d_Zk2f5xpEiuw8Cpw', 'summonerName': '천연만화', 'leaguePoints': 997, 'rank': 'I', 'wins': 104, 'losses': 66, 'veteran': False, 'inactive': False, 'freshBlood': False, 'hotStreak': False}"
181,CHALLENGER,946274f2-16b6-376e-8d60-e07ef8f06a7f,RANKED_TFT,Orianna's Dragons,"{'summonerId': 'z3QETFhHwn5n_Igvr-w89trxBW5kXSzWFl9jqIZvY0k78Zk', 'summonerName': '치타의은밀한계략', 'leaguePoints': 1274, 'rank': 'I', 'wins': 202, 'losses': 170, 'veteran': False, 'inactive': False, 'freshBlood': False, 'hotStreak': False}"
182,CHALLENGER,946274f2-16b6-376e-8d60-e07ef8f06a7f,RANKED_TFT,Orianna's Dragons,"{'summonerId': 'TQpgy1_eSt-P_NRpJlY04zzAzCJQ2YRJ_icLUPeGiR1TTLkOYOEYz8InsQ', 'summonerName': '공감능력상실', 'leaguePoints': 1031, 'rank': 'I', 'wins': 163, 'losses': 117, 'veteran': False, 'inactive': False, 'freshBlood': False, 'hotStreak': False}"
183,CHALLENGER,946274f2-16b6-376e-8d60-e07ef8f06a7f,RANKED_TFT,Orianna's Dragons,"{'summonerId': '16TJeCBUvWTNLVyvgMx7YY60R9zY6J2BDOkQu9lB8icPRc4', 'summonerName': 'JienJang', 'leaguePoints': 1012, 'rank': 'I', 'wins': 212, 'losses': 182, 'veteran': False, 'inactive': False, 'freshBlood': False, 'hotStreak': False}"
184,CHALLENGER,946274f2-16b6-376e-8d60-e07ef8f06a7f,RANKED_TFT,Orianna's Dragons,"{'summonerId': 'kQ-o0CseuMu6Dihuz-cobmrIMFEgqp7hv5ivWPuyuQ_wjg', 'summonerName': 'Becrux', 'leaguePoints': 1235, 'rank': 'I', 'wins': 327, 'losses': 267, 'veteran': False, 'inactive': False, 'freshBlood': False, 'hotStreak': False}"
185,CHALLENGER,946274f2-16b6-376e-8d60-e07ef8f06a7f,RANKED_TFT,Orianna's Dragons,"{'summonerId': '9MthkwjWjyptPkV0oqMofl0qwOtK86dsLxGJ-9hHGNmwLtVouyFjty9XUg', 'summonerName': '정의림', 'leaguePoints': 1019, 'rank': 'I', 'wins': 358, 'losses': 273, 'veteran': False, 'inactive': False, 'freshBlood': True, 'hotStreak': True}"
186,CHALLENGER,946274f2-16b6-376e-8d60-e07ef8f06a7f,RANKED_TFT,Orianna's Dragons,"{'summonerId': 'pN2nxblGILXfUM1FxBRjauK2cQtNMbW4578frCHFs5BZ6Zo', 'summonerName': '50판안에첼감', 'leaguePoints': 1499, 'rank': 'I', 'wins': 181, 'losses': 76, 'veteran': True, 'inactive': False, 'freshBlood': False, 'hotStreak': False}"
187,CHALLENGER,946274f2-16b6-376e-8d60-e07ef8f06a7f,RANKED_TFT,Orianna's Dragons,"{'summonerId': 'BF0oX4xdnvmJwpUj2VwVqbJRA0ETvXWiZXy8qcn5X3N37w', 'summonerName': '플인선', 'leaguePoints': 1159, 'rank': 'I', 'wins': 148, 'losses': 112, 'veteran': False, 'inactive': False, 'freshBlood': False, 'hotStreak': False}"
188,CHALLENGER,946274f2-16b6-376e-8d60-e07ef8f06a7f,RANKED_TFT,Orianna's Dragons,"{'summonerId': 'tb2ELbu1oax7iUXL3aQP4B7SpcvcCOe-zVwKRqtgsqq_nKo', 'summonerName': '갱구찡', 'leaguePoints': 1188, 'rank': 'I', 'wins': 592, 'losses': 466, 'veteran': False, 'inactive': False, 'freshBlood': False, 'hotStreak': True}"
189,CHALLENGER,946274f2-16b6-376e-8d60-e07ef8f06a7f,RANKED_TFT,Orianna's Dragons,"{'summonerId': '5796Wmf8YImwyyYxUHeKavUeUkXa8OKdVBeXqA3yfMWZHPI', 'summonerName': '엘무무', 'leaguePoints': 1461, 'rank': 'I', 'wins': 416, 'losses': 291, 'veteran': True, 'inactive': False, 'freshBlood': False, 'hotStreak': False}"
190,CHALLENGER,946274f2-16b6-376e-8d60-e07ef8f06a7f,RANKED_TFT,Orianna's Dragons,"{'summonerId': '3zoG2qWqr24oKARvGIDN_eUdMKlT1DDn-V3_zkdnyi_n9yc', 'summonerName': '백수 김승유', 'leaguePoints': 1065, 'rank': 'I', 'wins': 86, 'losses': 44, 'veteran': False, 'inactive': False, 'freshBlood': False, 'hotStreak': True}"
191,CHALLENGER,946274f2-16b6-376e-8d60-e07ef8f06a7f,RANKED_TFT,Orianna's Dragons,"{'summonerId': 'QQspux7xGIQBpR0DE0cme9n-G6Wr_z3u3IUeBqaP1j6K6pE', 'summonerName': '변산공동체', 'leaguePoints': 1063, 'rank': 'I', 'wins': 273, 'losses': 229, 'veteran': False, 'inactive': False, 'freshBlood': True, 'hotStreak': False}"
192,CHALLENGER,946274f2-16b6-376e-8d60-e07ef8f06a7f,RANKED_TFT,Orianna's Dragons,"{'summonerId': '7Bn3MOml1JWdPHp2s_LPn5npxWJNJArD4uKiQBH3xXeZiOFll1XAUp7i0w', 'summonerName': 'k4sp3rsky', 'leaguePoints': 1124, 'rank': 'I', 'wins': 199, 'losses': 154, 'veteran': False, 'inactive': False, 'freshBlood': False, 'hotStreak': False}"
193,CHALLENGER,946274f2-16b6-376e-8d60-e07ef8f06a7f,RANKED_TFT,Orianna's Dragons,"{'summonerId': 'u-a4g5CRgYs0ZpSxVKdzxVz1nvEcTMUvQM0FLqoHraqMS_c', 'summonerName': '개비융신 판독기', 'leaguePoints': 1091, 'rank': 'I', 'wins': 338, 'losses': 249, 'veteran': False, 'inactive': False, 'freshBlood': True, 'hotStreak': False}"
194,CHALLENGER,946274f2-16b6-376e-8d60-e07ef8f06a7f,RANKED_TFT,Orianna's Dragons,"{'summonerId': 'DnoDaRdiwt_TAvBpdS-dSJc60jnkDVUT7yH6DkTgXsSq-Q', 'summonerName': '북구 김태형', 'leaguePoints': 1029, 'rank': 'I', 'wins': 127, 'losses': 113, 'veteran': False, 'inactive': False, 'freshBlood': True, 'hotStreak': False}"
195,CHALLENGER,946274f2-16b6-376e-8d60-e07ef8f06a7f,RANKED_TFT,Orianna's Dragons,"{'summonerId': 'rpG5bwr2Iknf4jBrfRzf6eblaDOXQkIiEyWec_bjDdTWXV2gYhE90f9hxw', 'summonerName': '자유사랑평화', 'leaguePoints': 967, 'rank': 'I', 'wins': 409, 'losses': 385, 'veteran': True, 'inactive': False, 'freshBlood': False, 'hotStreak': False}"
196,CHALLENGER,946274f2-16b6-376e-8d60-e07ef8f06a7f,RANKED_TFT,Orianna's Dragons,"{'summonerId': 'rYGrV6itMtOIjA-sWlWdVq24RzpLaSA8-HxXIHkeQs1yNA', 'summonerName': '우리크', 'leaguePoints': 1336, 'rank': 'I', 'wins': 287, 'losses': 203, 'veteran': True, 'inactive': False, 'freshBlood': False, 'hotStreak': False}"
197,CHALLENGER,946274f2-16b6-376e-8d60-e07ef8f06a7f,RANKED_TFT,Orianna's Dragons,"{'summonerId': 'WJatFy8lYqbQ2YLHvd6mlrDEVyVVs6IxjjxnYBh20yybAQ', 'summonerName': '8 n 8', 'leaguePoints': 1001, 'rank': 'I', 'wins': 205, 'losses': 178, 'veteran': False, 'inactive': False, 'freshBlood': True, 'hotStreak': False}"
198,CHALLENGER,946274f2-16b6-376e-8d60-e07ef8f06a7f,RANKED_TFT,Orianna's Dragons,"{'summonerId': 'Q7jpcCwuiAt6soDffJi9LTzBF2hmcdeTdRk6LNynPJpc28s', 'summonerName': '인내평정심', 'leaguePoints': 1204, 'rank': 'I', 'wins': 134, 'losses': 81, 'veteran': False, 'inactive': False, 'freshBlood': True, 'hotStreak': False}"
199,CHALLENGER,946274f2-16b6-376e-8d60-e07ef8f06a7f,RANKED_TFT,Orianna's Dragons,"{'summonerId': 'BZ2hYAXeezGfh6EPh_-SeOSQqRSavL8T4LTy2e9NhQ6voFs', 'summonerName': '수채철', 'leaguePoints': 1227, 'rank': 'I', 'wins': 237, 'losses': 167, 'veteran': True, 'inactive': False, 'freshBlood': False, 'hotStreak': False}"
200,CHALLENGER,946274f2-16b6-376e-8d60-e07ef8f06a7f,RANKED_TFT,Orianna's Dragons,"{'summonerId': 'zAxZ9Wa4LBCZL50MCwPtLtt0vUr2fNi3AunQAbb9UjetKdc', 'summonerName': '엠브로돈까스', 'leaguePoints': 1039, 'rank': 'I', 'wins': 108, 'losses': 65, 'veteran': False, 'inactive': False, 'freshBlood': True, 'hotStreak': False}"
201,CHALLENGER,946274f2-16b6-376e-8d60-e07ef8f06a7f,RANKED_TFT,Orianna's Dragons,"{'summonerId': 'sSpXUBKwzojFC5i_HawoBYUrbDm44HGulRnpXoYyyMhVLpFY', 'summonerName': '최치환', 'leaguePoints': 1028, 'rank': 'I', 'wins': 135, 'losses': 100, 'veteran': False, 'inactive': False, 'freshBlood': True, 'hotStreak': True}"
202,CHALLENGER,946274f2-16b6-376e-8d60-e07ef8f06a7f,RANKED_TFT,Orianna's Dragons,"{'summonerId': 'wk_W1yumwcOKBV6H4XOGohGJ1IeM_4r27r3YnoT24zxalGc', 'summonerName': '비읍미음지읒', 'leaguePoints': 1107, 'rank': 'I', 'wins': 127, 'losses': 98, 'veteran': False, 'inactive': False, 'freshBlood': False, 'hotStreak': True}"
203,CHALLENGER,946274f2-16b6-376e-8d60-e07ef8f06a7f,RANKED_TFT,Orianna's Dragons,"{'summonerId': 'R_bqev4r7WKypxKAmlG2DXVFMOuFe9RgeIgcLT282Dz3B6k', 'summonerName': 'Kkame2', 'leaguePoints': 995, 'rank': 'I', 'wins': 70, 'losses': 30, 'veteran': False, 'inactive': False, 'freshBlood': True, 'hotStreak': False}"
204,CHALLENGER,946274f2-16b6-376e-8d60-e07ef8f06a7f,RANKED_TFT,Orianna's Dragons,"{'summonerId': '-2vixqPfeiyG4JgtimQITleEQ0HS6_nU2zVkPu3GWb7aNg', 'summonerName': '레이다 신호처리', 'leaguePoints': 1047, 'rank': 'I', 'wins': 145, 'losses': 121, 'veteran': False, 'inactive': False, 'freshBlood': False, 'hotStreak': False}"
205,CHALLENGER,946274f2-16b6-376e-8d60-e07ef8f06a7f,RANKED_TFT,Orianna's Dragons,"{'summonerId': 'dzwea2my5TfwvzwSewFF-PyHaA-2vtnJ6_727-VUn9f6Luc', 'summonerName': ' IlIlllIIlIIIlIl', 'leaguePoints': 1080, 'rank': 'I', 'wins': 426, 'losses': 422, 'veteran': False, 'inactive': False, 'freshBlood': True, 'hotStreak': True}"
206,CHALLENGER,946274f2-16b6-376e-8d60-e07ef8f06a7f,RANKED_TFT,Orianna's Dragons,"{'summonerId': 'ODlcoAiC0XH33kQsqWiI7qtw66jHS1A8ZJX54wc-07FoRs6P3RZNeeNpXw', 'summonerName': '제하하하하하지금부턴나의시대다', 'leaguePoints': 1040, 'rank': 'I', 'wins': 361, 'losses': 289, 'veteran': False, 'inactive': False, 'freshBlood': True, 'hotStreak': True}"
207,CHALLENGER,946274f2-16b6-376e-8d60-e07ef8f06a7f,RANKED_TFT,Orianna's Dragons,"{'summonerId': 'iOqFp3lrxNsC8AlsOFrWY3kRZsvmhWNMAvmE4Xv3FeR22y0', 'summonerName': '새계정새마음', 'leaguePoints': 1051, 'rank': 'I', 'wins': 313, 'losses': 272, 'veteran': False, 'inactive': False, 'freshBlood': True, 'hotStreak': True}"
208,CHALLENGER,946274f2-16b6-376e-8d60-e07ef8f06a7f,RANKED_TFT,Orianna's Dragons,"{'summonerId': 'SyZkLWEhiP2O5NKx8azTQs3YKUe-BHel6Aziqu_FNVR3ug', 'summonerName': '우찌TV', 'leaguePoints': 1052, 'rank': 'I', 'wins': 289, 'losses': 255, 'veteran': False, 'inactive': False, 'freshBlood': False, 'hotStreak': False}"
209,CHALLENGER,946274f2-16b6-376e-8d60-e07ef8f06a7f,RANKED_TFT,Orianna's Dragons,"{'summonerId': '91-WRTy6b9F6Oiry-YMHSH6XRxYh-iB8CK3mM8DxbZuDYfs', 'summonerName': 'jojung', 'leaguePoints': 1001, 'rank': 'I', 'wins': 371, 'losses': 236, 'veteran': True, 'inactive': False, 'freshBlood': False, 'hotStreak': False}"
210,CHALLENGER,946274f2-16b6-376e-8d60-e07ef8f06a7f,RANKED_TFT,Orianna's Dragons,"{'summonerId': 'KrBPvM88QHoJuA7slBgWiWlWjRL49Om2Wfk0ky3hYiohNuo', 'summonerName': '조몽군', 'leaguePoints': 1026, 'rank': 'I', 'wins': 247, 'losses': 208, 'veteran': False, 'inactive': False, 'freshBlood': False, 'hotStreak': False}"
211,CHALLENGER,946274f2-16b6-376e-8d60-e07ef8f06a7f,RANKED_TFT,Orianna's Dragons,"{'summonerId': 'WmxGinrrlNkm36J-JdLnwx5oREOKsu5K2q7KRcsyZlBovcAZHLuFvKOsnQ', 'summonerName': '난왜케귀여울까', 'leaguePoints': 1003, 'rank': 'I', 'wins': 175, 'losses': 118, 'veteran': False, 'inactive': False, 'freshBlood': False, 'hotStreak': True}"
212,CHALLENGER,946274f2-16b6-376e-8d60-e07ef8f06a7f,RANKED_TFT,Orianna's Dragons,"{'summonerId': 'gPCstR6QFPWaKQaNYU8E0q088bHT2FNJxDWyzAVWc90gdp8', 'summonerName': 'waglano', 'leaguePoints': 1060, 'rank': 'I', 'wins': 298, 'losses': 256, 'veteran': False, 'inactive': False, 'freshBlood': True, 'hotStreak': True}"
213,CHALLENGER,946274f2-16b6-376e-8d60-e07ef8f06a7f,RANKED_TFT,Orianna's Dragons,"{'summonerId': 'i7YA2IZrsAkPCDbHflMLWOqjclkOi34pdpt8uETPff-PrxE', 'summonerName': 'ChaengNayeon', 'leaguePoints': 1077, 'rank': 'I', 'wins': 145, 'losses': 107, 'veteran': False, 'inactive': False, 'freshBlood': True, 'hotStreak': True}"
214,CHALLENGER,946274f2-16b6-376e-8d60-e07ef8f06a7f,RANKED_TFT,Orianna's Dragons,"{'summonerId': '_4kiZg2SDY1pDlPt77wdT4GGphMW0Ya0LHcNhkHW6eEcg6Y', 'summonerName': '환준몬', 'leaguePoints': 1081, 'rank': 'I', 'wins': 577, 'losses': 532, 'veteran': False, 'inactive': False, 'freshBlood': True, 'hotStreak': False}"
215,CHALLENGER,946274f2-16b6-376e-8d60-e07ef8f06a7f,RANKED_TFT,Orianna's Dragons,"{'summonerId': 'n6JYBuwA-8aoLVPHX_X4DvmidCpogkMe9vGu693HgOFRyhw', 'summonerName': '아유하', 'leaguePoints': 1049, 'rank': 'I', 'wins': 235, 'losses': 205, 'veteran': False, 'inactive': False, 'freshBlood': False, 'hotStreak': False}"
216,CHALLENGER,946274f2-16b6-376e-8d60-e07ef8f06a7f,RANKED_TFT,Orianna's Dragons,"{'summonerId': 'rkeLwDTuEmNEHAtE1RgIWeqoqbFF7GzM1xABg5NTeZ6ChOs', 'summonerName': '쾅상묵', 'leaguePoints': 1043, 'rank': 'I', 'wins': 249, 'losses': 195, 'veteran': False, 'inactive': False, 'freshBlood': False, 'hotStreak': True}"
217,CHALLENGER,946274f2-16b6-376e-8d60-e07ef8f06a7f,RANKED_TFT,Orianna's Dragons,"{'summonerId': 'u1jwlGrOXm22L1g6m-PzuBAVsFCIHDNADP3ZknSEX9aTLNs', 'summonerName': 'KGE', 'leaguePoints': 1086, 'rank': 'I', 'wins': 119, 'losses': 90, 'veteran': False, 'inactive': False, 'freshBlood': False, 'hotStreak': False}"
218,CHALLENGER,946274f2-16b6-376e-8d60-e07ef8f06a7f,RANKED_TFT,Orianna's Dragons,"{'summonerId': 'W_7xjNqdcIPL8pR-jbbd4Ns3fvZKvhQeARdnhNHsrxKh7_oNoWE0q__uPA', 'summonerName': 'IIIlIIlIIlIIllI', 'leaguePoints': 1506, 'rank': 'I', 'wins': 199, 'losses': 113, 'veteran': True, 'inactive': False, 'freshBlood': False, 'hotStreak': False}"
219,CHALLENGER,946274f2-16b6-376e-8d60-e07ef8f06a7f,RANKED_TFT,Orianna's Dragons,"{'summonerId': 'HMmb0-3AW1guY7H-ZbgztqsHQ9hO_vhDEjfwxpDg6gepTA', 'summonerName': '저는 모릅니다', 'leaguePoints': 984, 'rank': 'I', 'wins': 171, 'losses': 148, 'veteran': False, 'inactive': False, 'freshBlood': False, 'hotStreak': False}"
220,CHALLENGER,946274f2-16b6-376e-8d60-e07ef8f06a7f,RANKED_TFT,Orianna's Dragons,"{'summonerId': 'eaacT8BrBY354rRmE8X_tYYXCHPo_FDhJ2QRsgigeZAQFQ', 'summonerName': '역전할배', 'leaguePoints': 1324, 'rank': 'I', 'wins': 616, 'losses': 476, 'veteran': True, 'inactive': False, 'freshBlood': False, 'hotStreak': False}"
221,CHALLENGER,946274f2-16b6-376e-8d60-e07ef8f06a7f,RANKED_TFT,Orianna's Dragons,"{'summonerId': 'TQwvhgYb3qB5WZeP-3HBbRMmGNeIZYzUN1CosPxvfkCvcvpkqUcYZYd3ug', 'summonerName': '블랙펭수', 'leaguePoints': 1050, 'rank': 'I', 'wins': 225, 'losses': 178, 'veteran': False, 'inactive': False, 'freshBlood': True, 'hotStreak': False}"
222,CHALLENGER,946274f2-16b6-376e-8d60-e07ef8f06a7f,RANKED_TFT,Orianna's Dragons,"{'summonerId': '8c-prXCRGfBeD5in3DiuUbuKSgAyahdA4YuO-XCSjyitrzIDoka4C3LchQ', 'summonerName': 'Olga Ivanov', 'leaguePoints': 1332, 'rank': 'I', 'wins': 145, 'losses': 85, 'veteran': True, 'inactive': False, 'freshBlood': False, 'hotStreak': False}"
223,CHALLENGER,946274f2-16b6-376e-8d60-e07ef8f06a7f,RANKED_TFT,Orianna's Dragons,"{'summonerId': 'CW79FYk70i1yXd2UzY0PnswZY80NEkUcyie59VVYdVkqlho', 'summonerName': '구마우식', 'leaguePoints': 1204, 'rank': 'I', 'wins': 79, 'losses': 42, 'veteran': False, 'inactive': False, 'freshBlood': False, 'hotStreak': True}"
224,CHALLENGER,946274f2-16b6-376e-8d60-e07ef8f06a7f,RANKED_TFT,Orianna's Dragons,"{'summonerId': 'OTUPijE9bJnHOtUvQWu3uDfjDsV5PSf3pJD8YubNhVFzLrFCHRYlb8Ie7A', 'summonerName': '겜마공 Youtube', 'leaguePoints': 1256, 'rank': 'I', 'wins': 111, 'losses': 69, 'veteran': False, 'inactive': False, 'freshBlood': False, 'hotStreak': False}"
225,CHALLENGER,946274f2-16b6-376e-8d60-e07ef8f06a7f,RANKED_TFT,Orianna's Dragons,"{'summonerId': 'PMpwwtehZYUWHnAQsOQtX5mBaRLIj2pIKY7Ad3l6MbNRcu8', 'summonerName': '포카칩퍼런거', 'leaguePoints': 1271, 'rank': 'I', 'wins': 135, 'losses': 98, 'veteran': False, 'inactive': False, 'freshBlood': False, 'hotStreak': True}"
226,CHALLENGER,946274f2-16b6-376e-8d60-e07ef8f06a7f,RANKED_TFT,Orianna's Dragons,"{'summonerId': 'V9ZnCs2cqoMVz4LFe-5RlJUKWk9ERlq5_gwwInHZIK6hCQ', 'summonerName': '장유보안관', 'leaguePoints': 1256, 'rank': 'I', 'wins': 310, 'losses': 231, 'veteran': True, 'inactive': False, 'freshBlood': False, 'hotStreak': True}"
227,CHALLENGER,946274f2-16b6-376e-8d60-e07ef8f06a7f,RANKED_TFT,Orianna's Dragons,"{'summonerId': 'CvXOG0j343f7dB0Do5KGaEwAe5v0Leq_bEO7JUlSndZlZ9PHU4GqNiZ1OA', 'summonerName': '양치돈', 'leaguePoints': 1285, 'rank': 'I', 'wins': 253, 'losses': 193, 'veteran': True, 'inactive': False, 'freshBlood': False, 'hotStreak': True}"
228,CHALLENGER,946274f2-16b6-376e-8d60-e07ef8f06a7f,RANKED_TFT,Orianna's Dragons,"{'summonerId': 'Hh9P-aUMMYKlwQPeNmhSyuw7XDKGy0p8VOKjF1Zdl-QdCFU', 'summonerName': '후 신', 'leaguePoints': 1318, 'rank': 'I', 'wins': 185, 'losses': 131, 'veteran': False, 'inactive': False, 'freshBlood': False, 'hotStreak': True}"
229,CHALLENGER,946274f2-16b6-376e-8d60-e07ef8f06a7f,RANKED_TFT,Orianna's Dragons,"{'summonerId': 'QvuTQEyvL1OXMwfAbg99IsBofOp_fobknqQJ6OUC_4xzs9I', 'summonerName': 'InV Nightmare', 'leaguePoints': 1303, 'rank': 'I', 'wins': 222, 'losses': 170, 'veteran': True, 'inactive': False, 'freshBlood': False, 'hotStreak': False}"
230,CHALLENGER,946274f2-16b6-376e-8d60-e07ef8f06a7f,RANKED_TFT,Orianna's Dragons,"{'summonerId': '0k-2Kxh6tEHvo_UQHFF7PFqsVG1OyzS48XHlD-0Ji1fhEC4', 'summonerName': 'very ONESIX', 'leaguePoints': 1120, 'rank': 'I', 'wins': 248, 'losses': 221, 'veteran': False, 'inactive': False, 'freshBlood': False, 'hotStreak': False}"
231,CHALLENGER,946274f2-16b6-376e-8d60-e07ef8f06a7f,RANKED_TFT,Orianna's Dragons,"{'summonerId': '1wgTNu6chNdLs6T3E2AMwg9nTizB1-tG34O1ddCeVMQW9QU', 'summonerName': '요르르륵', 'leaguePoints': 1026, 'rank': 'I', 'wins': 134, 'losses': 90, 'veteran': False, 'inactive': False, 'freshBlood': True, 'hotStreak': False}"
232,CHALLENGER,946274f2-16b6-376e-8d60-e07ef8f06a7f,RANKED_TFT,Orianna's Dragons,"{'summonerId': 'pm7MMeA-QoaQizcHYoLNYZnmFUuXsgTRLp7AqyYuyvYgFiQ', 'summonerName': '채팅보단 QWER로', 'leaguePoints': 1102, 'rank': 'I', 'wins': 208, 'losses': 158, 'veteran': False, 'inactive': False, 'freshBlood': True, 'hotStreak': True}"
233,CHALLENGER,946274f2-16b6-376e-8d60-e07ef8f06a7f,RANKED_TFT,Orianna's Dragons,"{'summonerId': 'vJf7eiQCTrTcTsiwRXXruKpaY-ITSF_D0tSLnAwbANEgC4z6Gzz82J7zYQ', 'summonerName': '충주사과꿀주먹', 'leaguePoints': 1170, 'rank': 'I', 'wins': 215, 'losses': 161, 'veteran': True, 'inactive': False, 'freshBlood': False, 'hotStreak': False}"
234,CHALLENGER,946274f2-16b6-376e-8d60-e07ef8f06a7f,RANKED_TFT,Orianna's Dragons,"{'summonerId': '3o0YR2mW76L1goApFlw1cJ3RLQ7UUGtxN6Q3hlucfbdbgJiklEy-pXyW_A', 'summonerName': '기무형진', 'leaguePoints': 1181, 'rank': 'I', 'wins': 353, 'losses': 220, 'veteran': True, 'inactive': False, 'freshBlood': False, 'hotStreak': False}"
235,CHALLENGER,946274f2-16b6-376e-8d60-e07ef8f06a7f,RANKED_TFT,Orianna's Dragons,"{'summonerId': 'gcCnvW0RfmO3MySW3QLatG7_tX9wtnLGUcK3ATHZd84_SxQ', 'summonerName': 'KnowAHN', 'leaguePoints': 1170, 'rank': 'I', 'wins': 163, 'losses': 126, 'veteran': False, 'inactive': False, 'freshBlood': False, 'hotStreak': True}"
236,CHALLENGER,946274f2-16b6-376e-8d60-e07ef8f06a7f,RANKED_TFT,Orianna's Dragons,"{'summonerId': 'Xn63kjwkKUv6q6F7XuD3fKDwtGamqJ7mOq36wjrPDdKsjA', 'summonerName': '이세사범', 'leaguePoints': 1006, 'rank': 'I', 'wins': 129, 'losses': 93, 'veteran': False, 'inactive': False, 'freshBlood': False, 'hotStreak': False}"
237,CHALLENGER,946274f2-16b6-376e-8d60-e07ef8f06a7f,RANKED_TFT,Orianna's Dragons,"{'summonerId': 'QYxMiqez1OUbaAKO9ioiz81gSWVo3r-ZSbqcE3MW5iS8gP8', 'summonerName': '공략은 계패', 'leaguePoints': 1081, 'rank': 'I', 'wins': 107, 'losses': 68, 'veteran': False, 'inactive': False, 'freshBlood': False, 'hotStreak': False}"
238,CHALLENGER,946274f2-16b6-376e-8d60-e07ef8f06a7f,RANKED_TFT,Orianna's Dragons,"{'summonerId': 'lhtMZhRcZjOUp7AmVOhV8RUrZTCP7bECNqoIhDoptuYEFQ0', 'summonerName': '마빵왕봉달이', 'leaguePoints': 1030, 'rank': 'I', 'wins': 106, 'losses': 72, 'veteran': False, 'inactive': False, 'freshBlood': False, 'hotStreak': False}"
239,CHALLENGER,946274f2-16b6-376e-8d60-e07ef8f06a7f,RANKED_TFT,Orianna's Dragons,"{'summonerId': 'Ge52Jzbc_SQVEtlWzkDHRD4KgAvRxze3C92IqshTN-_4BV8', 'summonerName': 'Stiis', 'leaguePoints': 1163, 'rank': 'I', 'wins': 137, 'losses': 106, 'veteran': True, 'inactive': False, 'freshBlood': False, 'hotStreak': False}"
240,CHALLENGER,946274f2-16b6-376e-8d60-e07ef8f06a7f,RANKED_TFT,Orianna's Dragons,"{'summonerId': 'gP4umjo3xlEEddTpdDMX-ZIJLRXMwdRczXNlOwBzHKBzoA', 'summonerName': '야생동물뜨또', 'leaguePoints': 1329, 'rank': 'I', 'wins': 374, 'losses': 332, 'veteran': False, 'inactive': False, 'freshBlood': False, 'hotStreak': False}"
241,CHALLENGER,946274f2-16b6-376e-8d60-e07ef8f06a7f,RANKED_TFT,Orianna's Dragons,"{'summonerId': 'F3vX7X8G8nbuX9X04w1FiGD7NNojYoBMbNNmjG6QiqBS1gI', 'summonerName': '준우짱이야', 'leaguePoints': 1128, 'rank': 'I', 'wins': 191, 'losses': 157, 'veteran': False, 'inactive': False, 'freshBlood': True, 'hotStreak': False}"
242,CHALLENGER,946274f2-16b6-376e-8d60-e07ef8f06a7f,RANKED_TFT,Orianna's Dragons,"{'summonerId': 'qNDSdL-UwgZeNuiKqjNEVshVSxFyzvm1n_ssMouu92h3u14', 'summonerName': 'So0s', 'leaguePoints': 1455, 'rank': 'I', 'wins': 297, 'losses': 226, 'veteran': True, 'inactive': False, 'freshBlood': False, 'hotStreak': False}"
243,CHALLENGER,946274f2-16b6-376e-8d60-e07ef8f06a7f,RANKED_TFT,Orianna's Dragons,"{'summonerId': 'TLmaMdjuHX6cRv3pmO1xlZLwCpU7fUzMtO1Lcp2RiA8Z6g', 'summonerName': '빙이fan 현이', 'leaguePoints': 1034, 'rank': 'I', 'wins': 319, 'losses': 203, 'veteran': False, 'inactive': False, 'freshBlood': False, 'hotStreak': False}"
244,CHALLENGER,946274f2-16b6-376e-8d60-e07ef8f06a7f,RANKED_TFT,Orianna's Dragons,"{'summonerId': 'H2X8AtY2-1P_VSwK1d0CpU3anDnmufSjx3ggJLT-8Vb__w', 'summonerName': '윤태호와아이들', 'leaguePoints': 1054, 'rank': 'I', 'wins': 199, 'losses': 179, 'veteran': False, 'inactive': False, 'freshBlood': False, 'hotStreak': False}"
245,CHALLENGER,946274f2-16b6-376e-8d60-e07ef8f06a7f,RANKED_TFT,Orianna's Dragons,"{'summonerId': 'Fg0JMXvZw07820KfBiqWQb1NwrI9F6uTqFVM-22VN6_48_0', 'summonerName': 'Oriente Verano', 'leaguePoints': 1177, 'rank': 'I', 'wins': 208, 'losses': 146, 'veteran': True, 'inactive': False, 'freshBlood': False, 'hotStreak': False}"
246,CHALLENGER,946274f2-16b6-376e-8d60-e07ef8f06a7f,RANKED_TFT,Orianna's Dragons,"{'summonerId': '2s3El2r4ht4L63-P8ZYQzCdrQJdZOv4iZn1sSnFuarCUnhA', 'summonerName': 'dunizuni', 'leaguePoints': 1153, 'rank': 'I', 'wins': 457, 'losses': 363, 'veteran': False, 'inactive': False, 'freshBlood': False, 'hotStreak': False}"
247,CHALLENGER,946274f2-16b6-376e-8d60-e07ef8f06a7f,RANKED_TFT,Orianna's Dragons,"{'summonerId': 'Pv_sYvPovlvelxe_n9-6yJZxHBtWBRcTJfOOly1rZTtqC6Sf67Y3AiNVkw', 'summonerName': 'My Parasite', 'leaguePoints': 1028, 'rank': 'I', 'wins': 179, 'losses': 152, 'veteran': False, 'inactive': False, 'freshBlood': True, 'hotStreak': True}"
248,CHALLENGER,946274f2-16b6-376e-8d60-e07ef8f06a7f,RANKED_TFT,Orianna's Dragons,"{'summonerId': 'aptuZdtc6jx6550tKrMhgAA46cgY2HPhg1f8Wd3zOjMWSqk', 'summonerName': '현누당', 'leaguePoints': 1049, 'rank': 'I', 'wins': 190, 'losses': 159, 'veteran': False, 'inactive': False, 'freshBlood': False, 'hotStreak': True}"
249,CHALLENGER,946274f2-16b6-376e-8d60-e07ef8f06a7f,RANKED_TFT,Orianna's Dragons,"{'summonerId': 'sGkbNNL72uUA7DYN-fLYRaamxsGJuTZjGLla3o5LdnbzrhU', 'summonerName': '찬란하고찬란하게', 'leaguePoints': 1033, 'rank': 'I', 'wins': 445, 'losses': 372, 'veteran': False, 'inactive': False, 'freshBlood': True, 'hotStreak': False}"
250,CHALLENGER,946274f2-16b6-376e-8d60-e07ef8f06a7f,RANKED_TFT,Orianna's Dragons,"{'summonerId': 'fXIkyAWniTEb5VUQb7VpL4ZbUvwRzHChvmqSGXqp16bLNH0', 'summonerName': 'a hickey', 'leaguePoints': 990, 'rank': 'I', 'wins': 267, 'losses': 220, 'veteran': False, 'inactive': False, 'freshBlood': False, 'hotStreak': False}"
251,CHALLENGER,946274f2-16b6-376e-8d60-e07ef8f06a7f,RANKED_TFT,Orianna's Dragons,"{'summonerId': 'EUSyMeEpesZ-zs9t1pC9T_JYC_kbMnI07yEVS6-jJ1i_zDA', 'summonerName': '토토로가싫어오', 'leaguePoints': 1081, 'rank': 'I', 'wins': 150, 'losses': 110, 'veteran': False, 'inactive': False, 'freshBlood': False, 'hotStreak': False}"
252,CHALLENGER,946274f2-16b6-376e-8d60-e07ef8f06a7f,RANKED_TFT,Orianna's Dragons,"{'summonerId': '0Pf4mKKcEYOQn0O_e6Ooot6rDXvnjeHpzYhpLbt6D1wVMlM', 'summonerName': '비읍이응치읓', 'leaguePoints': 1456, 'rank': 'I', 'wins': 188, 'losses': 136, 'veteran': True, 'inactive': False, 'freshBlood': False, 'hotStreak': True}"
253,CHALLENGER,946274f2-16b6-376e-8d60-e07ef8f06a7f,RANKED_TFT,Orianna's Dragons,"{'summonerId': 'kkffJf6oGK39OWhAwrgf1Z7hG9ukKLesyA2A7Rmr76E_KENm4pRH1g9JWw', 'summonerName': '이년만', 'leaguePoints': 1080, 'rank': 'I', 'wins': 127, 'losses': 102, 'veteran': False, 'inactive': False, 'freshBlood': False, 'hotStreak': False}"
254,CHALLENGER,946274f2-16b6-376e-8d60-e07ef8f06a7f,RANKED_TFT,Orianna's Dragons,"{'summonerId': 'oEB4RL5RNzoZLKJe5nBlZWIuJUnNmSkynV_Z6lWKA1i--w', 'summonerName': '장주현', 'leaguePoints': 1089, 'rank': 'I', 'wins': 112, 'losses': 82, 'veteran': False, 'inactive': False, 'freshBlood': True, 'hotStreak': True}"
255,CHALLENGER,946274f2-16b6-376e-8d60-e07ef8f06a7f,RANKED_TFT,Orianna's Dragons,"{'summonerId': 'dgfKgcqh-qqJ79mC11OPcRZbDL3Bu_NgLQV6oEBXamf_vQ4', 'summonerName': 'No Mid Kaisa Plz', 'leaguePoints': 1050, 'rank': 'I', 'wins': 149, 'losses': 109, 'veteran': True, 'inactive': False, 'freshBlood': False, 'hotStreak': False}"
256,CHALLENGER,946274f2-16b6-376e-8d60-e07ef8f06a7f,RANKED_TFT,Orianna's Dragons,"{'summonerId': 'PxqX6Nn8jMm9iRmakjeiEisxUf9hkuzmdbkT6tQiFJDkYJo', 'summonerName': '희유성', 'leaguePoints': 1138, 'rank': 'I', 'wins': 581, 'losses': 407, 'veteran': False, 'inactive': False, 'freshBlood': True, 'hotStreak': True}"
257,CHALLENGER,946274f2-16b6-376e-8d60-e07ef8f06a7f,RANKED_TFT,Orianna's Dragons,"{'summonerId': 'Ks7GDgYfUb3MKcFsOXcCrmVc_KaISILtPy72nrWoZD6aOLpKUTFUH2vLgA', 'summonerName': '르보배', 'leaguePoints': 1063, 'rank': 'I', 'wins': 227, 'losses': 137, 'veteran': True, 'inactive': False, 'freshBlood': False, 'hotStreak': False}"
258,CHALLENGER,946274f2-16b6-376e-8d60-e07ef8f06a7f,RANKED_TFT,Orianna's Dragons,"{'summonerId': 'XjFCGuZ2c-H-lSdZjP1hntyh0jrrz3Mndtt49nD_dUpSRQ', 'summonerName': '꿀썹꾸', 'leaguePoints': 1018, 'rank': 'I', 'wins': 246, 'losses': 224, 'veteran': False, 'inactive': False, 'freshBlood': True, 'hotStreak': False}"
259,CHALLENGER,946274f2-16b6-376e-8d60-e07ef8f06a7f,RANKED_TFT,Orianna's Dragons,"{'summonerId': 'IIQ0ng6T1rFTKFcnbFt6Hd859vooPckepooHr6tGF56rtiM', 'summonerName': '틈 빈', 'leaguePoints': 1243, 'rank': 'I', 'wins': 303, 'losses': 211, 'veteran': True, 'inactive': False, 'freshBlood': False, 'hotStreak': False}"
260,CHALLENGER,946274f2-16b6-376e-8d60-e07ef8f06a7f,RANKED_TFT,Orianna's Dragons,"{'summonerId': 'iKkU3cEGjL8JQioBO1ivsPLLmxudpqU-mFOaqhQ3sskTN1U', 'summonerName': '공략은 복권', 'leaguePoints': 1082, 'rank': 'I', 'wins': 191, 'losses': 152, 'veteran': False, 'inactive': False, 'freshBlood': True, 'hotStreak': True}"
261,CHALLENGER,946274f2-16b6-376e-8d60-e07ef8f06a7f,RANKED_TFT,Orianna's Dragons,"{'summonerId': 'FTiSnpI3k4Ow9ttFXJgd0mJZGWgiH0ZZyOVUXaCt2DRxAlo', 'summonerName': '구깨룩', 'leaguePoints': 1337, 'rank': 'I', 'wins': 131, 'losses': 81, 'veteran': True, 'inactive': False, 'freshBlood': False, 'hotStreak': False}"
262,CHALLENGER,946274f2-16b6-376e-8d60-e07ef8f06a7f,RANKED_TFT,Orianna's Dragons,"{'summonerId': 'UZRwMXaKzaqTby4AwOgrobKi74WWw9cEAB_IpFyyneythV7LVEEVWAxppg', 'summonerName': '민돌씨', 'leaguePoints': 1056, 'rank': 'I', 'wins': 171, 'losses': 119, 'veteran': False, 'inactive': False, 'freshBlood': True, 'hotStreak': False}"
263,CHALLENGER,946274f2-16b6-376e-8d60-e07ef8f06a7f,RANKED_TFT,Orianna's Dragons,"{'summonerId': '3kN4Z-9PrFYU7fcU-cGrBH8Es3B1r56rQPeIjoF38Bk8ZhV7LETmnaW-uA', 'summonerName': 'nikaaaaaaaaaaaaa', 'leaguePoints': 986, 'rank': 'I', 'wins': 167, 'losses': 128, 'veteran': False, 'inactive': False, 'freshBlood': True, 'hotStreak': True}"
264,CHALLENGER,946274f2-16b6-376e-8d60-e07ef8f06a7f,RANKED_TFT,Orianna's Dragons,"{'summonerId': 'gGtx3SOYpcGrM9JfwOTMbwXS9RgIpsmM1QB4Fchj_j0tYKA', 'summonerName': '이모부앞구르기', 'leaguePoints': 1235, 'rank': 'I', 'wins': 176, 'losses': 141, 'veteran': False, 'inactive': False, 'freshBlood': False, 'hotStreak': False}"
265,CHALLENGER,946274f2-16b6-376e-8d60-e07ef8f06a7f,RANKED_TFT,Orianna's Dragons,"{'summonerId': 'Vm0xsjuCzJKzie8B6TAlqsfMnznvj9Yc3WdQulRaeY6qJg', 'summonerName': '고려헬스클럽', 'leaguePoints': 1502, 'rank': 'I', 'wins': 505, 'losses': 356, 'veteran': True, 'inactive': False, 'freshBlood': False, 'hotStreak': True}"
266,CHALLENGER,946274f2-16b6-376e-8d60-e07ef8f06a7f,RANKED_TFT,Orianna's Dragons,"{'summonerId': 'e8pgK2Fa3nNlvUwzMILsEkZ3Cr7COJIPq4B4NUaea1PzEBt5', 'summonerName': 'Iwillnaverdie', 'leaguePoints': 1038, 'rank': 'I', 'wins': 204, 'losses': 172, 'veteran': False, 'inactive': False, 'freshBlood': True, 'hotStreak': True}"
267,CHALLENGER,946274f2-16b6-376e-8d60-e07ef8f06a7f,RANKED_TFT,Orianna's Dragons,"{'summonerId': 'J81tet5ilCoIh2WmY0xyzEEJSL5r7nbbXSblUlt0BnMcFlVd', 'summonerName': '파바바바바바바박', 'leaguePoints': 1031, 'rank': 'I', 'wins': 208, 'losses': 171, 'veteran': False, 'inactive': False, 'freshBlood': True, 'hotStreak': True}"
268,CHALLENGER,946274f2-16b6-376e-8d60-e07ef8f06a7f,RANKED_TFT,Orianna's Dragons,"{'summonerId': 'qAYhgxiWukwuAxMAHXMtw68sweIB1VI0uc-JC0YKRtD4xsw', 'summonerName': '김치현민', 'leaguePoints': 1103, 'rank': 'I', 'wins': 542, 'losses': 468, 'veteran': False, 'inactive': False, 'freshBlood': True, 'hotStreak': True}"
269,CHALLENGER,946274f2-16b6-376e-8d60-e07ef8f06a7f,RANKED_TFT,Orianna's Dragons,"{'summonerId': '_0YY65W6SjoyFeUJ0zHxZsPZ-a51m8eCbCrtXIJvWWSEfMg', 'summonerName': 'xxxaxxxx', 'leaguePoints': 1043, 'rank': 'I', 'wins': 189, 'losses': 151, 'veteran': False, 'inactive': False, 'freshBlood': False, 'hotStreak': False}"
270,CHALLENGER,946274f2-16b6-376e-8d60-e07ef8f06a7f,RANKED_TFT,Orianna's Dragons,"{'summonerId': '0zY-Esz1iH7oK_nKcytkLT1Uu9Ibj2Ginrc2wF4Gmsp23YM', 'summonerName': '김승유', 'leaguePoints': 1053, 'rank': 'I', 'wins': 103, 'losses': 74, 'veteran': False, 'inactive': False, 'freshBlood': True, 'hotStreak': False}"
271,CHALLENGER,946274f2-16b6-376e-8d60-e07ef8f06a7f,RANKED_TFT,Orianna's Dragons,"{'summonerId': 'ByDachIehxZQZXXgT3098k36-YLWrrpBUI2pNYjP4zgE7g', 'summonerName': 'SIU', 'leaguePoints': 1034, 'rank': 'I', 'wins': 271, 'losses': 251, 'veteran': False, 'inactive': False, 'freshBlood': False, 'hotStreak': True}"
272,CHALLENGER,946274f2-16b6-376e-8d60-e07ef8f06a7f,RANKED_TFT,Orianna's Dragons,"{'summonerId': 'VYxNXLN7vUx9cS41V7UIwVaPbhFVDs95ezatGVQetNlnpMtZnmNZGixVqw', 'summonerName': 'game0jang', 'leaguePoints': 1133, 'rank': 'I', 'wins': 445, 'losses': 401, 'veteran': False, 'inactive': False, 'freshBlood': True, 'hotStreak': False}"
273,CHALLENGER,946274f2-16b6-376e-8d60-e07ef8f06a7f,RANKED_TFT,Orianna's Dragons,"{'summonerId': 'V4jMkewoQHloUPfyP4ehtrk6_lPTtM0fCl6fTi4521g3kw', 'summonerName': 'Hwj', 'leaguePoints': 1234, 'rank': 'I', 'wins': 410, 'losses': 328, 'veteran': True, 'inactive': False, 'freshBlood': False, 'hotStreak': False}"
274,CHALLENGER,946274f2-16b6-376e-8d60-e07ef8f06a7f,RANKED_TFT,Orianna's Dragons,"{'summonerId': 'eevGJuB2FVNjuj-D6dxZlZ4tu61aqMhUrozuy_I3Z419iyLWuXGjbMsi2g', 'summonerName': '미스터초밥왕77', 'leaguePoints': 1102, 'rank': 'I', 'wins': 250, 'losses': 175, 'veteran': True, 'inactive': False, 'freshBlood': False, 'hotStreak': True}"
275,CHALLENGER,946274f2-16b6-376e-8d60-e07ef8f06a7f,RANKED_TFT,Orianna's Dragons,"{'summonerId': 'VO3YFczaPHbotZMfKfjJ5GfB9m0vGBz5vHw-8JEIwM0ZDNk', 'summonerName': '밑힌남자', 'leaguePoints': 1003, 'rank': 'I', 'wins': 410, 'losses': 385, 'veteran': False, 'inactive': False, 'freshBlood': True, 'hotStreak': False}"
276,CHALLENGER,946274f2-16b6-376e-8d60-e07ef8f06a7f,RANKED_TFT,Orianna's Dragons,"{'summonerId': 'sepO07x4gGIlJUGyQePM1Xk1jvLlesb6-FRJch3YVliulA', 'summonerName': '안양역 하루살이', 'leaguePoints': 986, 'rank': 'I', 'wins': 313, 'losses': 243, 'veteran': False, 'inactive': False, 'freshBlood': True, 'hotStreak': True}"
277,CHALLENGER,946274f2-16b6-376e-8d60-e07ef8f06a7f,RANKED_TFT,Orianna's Dragons,"{'summonerId': 'wUzD1UASLEQHg0BgVMHEExTooHojOxiRlwSP2iFLLwKUyyg', 'summonerName': '거제욘세', 'leaguePoints': 1134, 'rank': 'I', 'wins': 345, 'losses': 305, 'veteran': False, 'inactive': False, 'freshBlood': False, 'hotStreak': True}"
278,CHALLENGER,946274f2-16b6-376e-8d60-e07ef8f06a7f,RANKED_TFT,Orianna's Dragons,"{'summonerId': 'A3IY_RSkcRon4BXmmsRbnZZD4NtOACzmZFv5P0Exirvgdg', 'summonerName': '웃음빠이러스', 'leaguePoints': 1131, 'rank': 'I', 'wins': 433, 'losses': 311, 'veteran': True, 'inactive': False, 'freshBlood': False, 'hotStreak': False}"
279,CHALLENGER,946274f2-16b6-376e-8d60-e07ef8f06a7f,RANKED_TFT,Orianna's Dragons,"{'summonerId': 'eXBs5IJZnrxGQdqy-ry61udc3CXs_U12fmoR6vn_th2vKwgdxALWDIS54A', 'summonerName': '불타는짐승남v', 'leaguePoints': 1229, 'rank': 'I', 'wins': 129, 'losses': 61, 'veteran': False, 'inactive': False, 'freshBlood': False, 'hotStreak': False}"
280,CHALLENGER,946274f2-16b6-376e-8d60-e07ef8f06a7f,RANKED_TFT,Orianna's Dragons,"{'summonerId': '8o9nLDpq0vbJflu5SqRHS45d9wXx3gQ9vjruRRSmvZaULR0', 'summonerName': 'Pray4Reroll', 'leaguePoints': 1022, 'rank': 'I', 'wins': 295, 'losses': 259, 'veteran': False, 'inactive': False, 'freshBlood': True, 'hotStreak': False}"
281,CHALLENGER,946274f2-16b6-376e-8d60-e07ef8f06a7f,RANKED_TFT,Orianna's Dragons,"{'summonerId': 'vQe_XUmJB6faJq4EcYXUrzqFP7yAjix65ZLe9Z78ZFNXRUw', 'summonerName': 'Ranto', 'leaguePoints': 1024, 'rank': 'I', 'wins': 229, 'losses': 172, 'veteran': True, 'inactive': False, 'freshBlood': False, 'hotStreak': False}"
282,CHALLENGER,946274f2-16b6-376e-8d60-e07ef8f06a7f,RANKED_TFT,Orianna's Dragons,"{'summonerId': '1JmCGkJ3kXUnmbMCbA_PCDMdhdtklmIOvC-WS1_k7f0xhw', 'summonerName': '배 서', 'leaguePoints': 1286, 'rank': 'I', 'wins': 149, 'losses': 90, 'veteran': True, 'inactive': False, 'freshBlood': False, 'hotStreak': False}"
283,CHALLENGER,946274f2-16b6-376e-8d60-e07ef8f06a7f,RANKED_TFT,Orianna's Dragons,"{'summonerId': 'bp9KYgorICXOaVLebsCiyVxb_AqLW7COLBqB7QCrqY5sBXDIdy57Ti_Tsg', 'summonerName': '순수할 순', 'leaguePoints': 1126, 'rank': 'I', 'wins': 124, 'losses': 69, 'veteran': False, 'inactive': False, 'freshBlood': False, 'hotStreak': True}"
284,CHALLENGER,946274f2-16b6-376e-8d60-e07ef8f06a7f,RANKED_TFT,Orianna's Dragons,"{'summonerId': 'nyvQnpdmu-gsbr0zWq8Fg_iosTAzlp5iUSxETNBtm9mEzdo', 'summonerName': '배치 차이', 'leaguePoints': 1030, 'rank': 'I', 'wins': 296, 'losses': 281, 'veteran': False, 'inactive': False, 'freshBlood': True, 'hotStreak': True}"
285,CHALLENGER,946274f2-16b6-376e-8d60-e07ef8f06a7f,RANKED_TFT,Orianna's Dragons,"{'summonerId': 'dnI3tyLu2bc0mPqA1cHQpGqQE6LvuScQDR-m0NmHUVvng-Y', 'summonerName': '1등양보좀요', 'leaguePoints': 1297, 'rank': 'I', 'wins': 301, 'losses': 230, 'veteran': True, 'inactive': False, 'freshBlood': False, 'hotStreak': False}"
286,CHALLENGER,946274f2-16b6-376e-8d60-e07ef8f06a7f,RANKED_TFT,Orianna's Dragons,"{'summonerId': 'Ild7suFPn3jSVatuIp5-bqxoTPxUqhk950aoOvaeE19QMQ', 'summonerName': '진짱나', 'leaguePoints': 1338, 'rank': 'I', 'wins': 222, 'losses': 164, 'veteran': True, 'inactive': False, 'freshBlood': False, 'hotStreak': False}"
287,CHALLENGER,946274f2-16b6-376e-8d60-e07ef8f06a7f,RANKED_TFT,Orianna's Dragons,"{'summonerId': 'RsmelQLuXuwjbi2dUV6nM3oBLoQHUaYv1tSiyiMETyzlW14', 'summonerName': '이상근유튜브구독', 'leaguePoints': 1022, 'rank': 'I', 'wins': 133, 'losses': 95, 'veteran': False, 'inactive': False, 'freshBlood': True, 'hotStreak': True}"
288,CHALLENGER,946274f2-16b6-376e-8d60-e07ef8f06a7f,RANKED_TFT,Orianna's Dragons,"{'summonerId': 'MGMlBgjI0QSSuBWOK0eg7oQZY91285-Iqo_2NU3BgAArO44', 'summonerName': '꼴픽이', 'leaguePoints': 1818, 'rank': 'I', 'wins': 540, 'losses': 321, 'veteran': True, 'inactive': False, 'freshBlood': False, 'hotStreak': True}"
289,CHALLENGER,946274f2-16b6-376e-8d60-e07ef8f06a7f,RANKED_TFT,Orianna's Dragons,"{'summonerId': 'AckbpOasOE0U7G-sCB0XpXLQMt2b9E52CgxiQU839yrARRc', 'summonerName': '강선종', 'leaguePoints': 1255, 'rank': 'I', 'wins': 597, 'losses': 369, 'veteran': True, 'inactive': False, 'freshBlood': False, 'hotStreak': False}"
290,CHALLENGER,946274f2-16b6-376e-8d60-e07ef8f06a7f,RANKED_TFT,Orianna's Dragons,"{'summonerId': '7933Z5cGoOr4B1voWjYSU08fe9GqFXzMjW1H_rsZ4BiBxUA', 'summonerName': '서 유', 'leaguePoints': 1091, 'rank': 'I', 'wins': 208, 'losses': 128, 'veteran': False, 'inactive': False, 'freshBlood': False, 'hotStreak': True}"
291,CHALLENGER,946274f2-16b6-376e-8d60-e07ef8f06a7f,RANKED_TFT,Orianna's Dragons,"{'summonerId': 'ZE0kuJXyyCEvdzCB_1bER7GgMW5MoQ3fVdKm7igcyKZY0Dg', 'summonerName': '페이도', 'leaguePoints': 1653, 'rank': 'I', 'wins': 190, 'losses': 83, 'veteran': True, 'inactive': False, 'freshBlood': False, 'hotStreak': False}"
292,CHALLENGER,946274f2-16b6-376e-8d60-e07ef8f06a7f,RANKED_TFT,Orianna's Dragons,"{'summonerId': 'nb7dCF_IPFoq0rIj4SvhZmgJPIu6TNXSsEBpXDI0JVUYVgesKL5KvGq3Tg', 'summonerName': '롤체가나를억까해', 'leaguePoints': 1206, 'rank': 'I', 'wins': 470, 'losses': 392, 'veteran': False, 'inactive': False, 'freshBlood': True, 'hotStreak': True}"
293,CHALLENGER,946274f2-16b6-376e-8d60-e07ef8f06a7f,RANKED_TFT,Orianna's Dragons,"{'summonerId': 'bv_fBBCgOswBSvR1dl_ITFWpd-MynCHfYanKe5hUsbAzMrvgsr1cG4IEgQ', 'summonerName': '우물 안 명품 개구리', 'leaguePoints': 1049, 'rank': 'I', 'wins': 74, 'losses': 40, 'veteran': False, 'inactive': False, 'freshBlood': False, 'hotStreak': False}"
294,CHALLENGER,946274f2-16b6-376e-8d60-e07ef8f06a7f,RANKED_TFT,Orianna's Dragons,"{'summonerId': 'G94FIWMWldiAauDoMpRNk1l9ZCBt078TmLgsR8uyYNxh8x4FVjwSmmSsTw', 'summonerName': 'Twink1e', 'leaguePoints': 1007, 'rank': 'I', 'wins': 125, 'losses': 93, 'veteran': False, 'inactive': False, 'freshBlood': False, 'hotStreak': False}"
295,CHALLENGER,946274f2-16b6-376e-8d60-e07ef8f06a7f,RANKED_TFT,Orianna's Dragons,"{'summonerId': 'alMRPqSjnkp4OII6-ZBbCdqdt3jXuhPl0o9_oWhECrDkGg', 'summonerName': '깨로록', 'leaguePoints': 1025, 'rank': 'I', 'wins': 100, 'losses': 66, 'veteran': False, 'inactive': False, 'freshBlood': False, 'hotStreak': True}"
296,CHALLENGER,946274f2-16b6-376e-8d60-e07ef8f06a7f,RANKED_TFT,Orianna's Dragons,"{'summonerId': 'UiV0CKlJ-tHX7LVwQ2Z95nxdox8OMnEEv404aJQipt1CBZyVrX-93sA3tA', 'summonerName': '소추하남자봉달', 'leaguePoints': 1203, 'rank': 'I', 'wins': 243, 'losses': 225, 'veteran': False, 'inactive': False, 'freshBlood': False, 'hotStreak': False}"
297,CHALLENGER,946274f2-16b6-376e-8d60-e07ef8f06a7f,RANKED_TFT,Orianna's Dragons,"{'summonerId': 'cSXx2KKA1LyGEDbS1Od8GH_ZwoduvfotA6ZNShdRYyivHPpqaE2UBG-zmg', 'summonerName': 'z천하무적고경이z', 'leaguePoints': 1081, 'rank': 'I', 'wins': 273, 'losses': 222, 'veteran': False, 'inactive': False, 'freshBlood': True, 'hotStreak': False}"
298,CHALLENGER,946274f2-16b6-376e-8d60-e07ef8f06a7f,RANKED_TFT,Orianna's Dragons,"{'summonerId': 'ZKKeGZw9l_c7hWyk_eJpVy0RCRjScNEVfXw0yxZ6Eq6JZQ', 'summonerName': '가죽부츠', 'leaguePoints': 1015, 'rank': 'I', 'wins': 95, 'losses': 64, 'veteran': False, 'inactive': False, 'freshBlood': False, 'hotStreak': False}"
299,CHALLENGER,946274f2-16b6-376e-8d60-e07ef8f06a7f,RANKED_TFT,Orianna's Dragons,"{'summonerId': 'la9MWpvJ81njFDXM-krIjkbc3OEF6yQIIqc-PbRotp2hPaVVSuuVaesYWA', 'summonerName': '등감이', 'leaguePoints': 1187, 'rank': 'I', 'wins': 226, 'losses': 147, 'veteran': True, 'inactive': False, 'freshBlood': False, 'hotStreak': True}"
